NAME,AB,ST,EHG,AP,CHCH,BC,CIM,PCI,DES,EST,LC,FA,CAA,CEXA,CHC,CHH,CAMG,COND,CECN,SEP,CE,BRE,ACC,COM,NOMS,T,LT,KM,FALLA,TIPO,DESC,OBS,CORR,Tipo falla
1,S5,S5,S5,S5,S5,S5,S4,S5,S5,S4,S5,S5,S5,S5,S4,S4,S5,S5,S5,S5,S5,S4,S5,S5,S2,0.934,93020,,,No falla,,,,0
2,S5,S5,S5,S5,S5,S5,S4,S5,S5,S4,S5,S5,S5,S5,S4,S4,S5,S5,S5,S5,S5,S4,S5,S5,S2,0.934,93020,,,No falla,,,,0
3,S5,S5,S5,S5,S5,S5,S4,S5,S5,S4,S5,S5,S5,S5,S4,S4,S5,S5,S5,S5,S5,S4,S5,S5,S2,0.934,93020,,,No falla,,,,0
4,S5,S5,S5,S5,S5,S5,S4,S5,S5,S4,S5,S5,S5,S5,S4,S4,S5,S5,S5,S5,S5,S4,S5,S5,S2,0.934,93020,,,No falla,,,,0
5,S5,S5,S5,S5,S5,S5,S4,S5,S5,S4,S5,S5,S5,S5,S4,S4,S5,S5,S5,S5,S5,S4,S5,S5,S2,0.934,93020,,,No falla,,,,0
6,S5,S5,S5,S5,S5,S5,S4,S5,S5,S4,S5,S5,S5,S5,S4,S4,S5,S5,S5,S5,S5,S4,S5,S5,S2,0.934,93020,,,No falla,,,,0
7,S5,S5,S5,S5,S5,S5,S4,S5,S5,S4,S5,S5,S5,S5,S4,S4,S5,S5,S5,S5,S5,S4,S5,S5,S2,0.934,93020,,,No falla,,,,0
8,S5,S5,S5,S5,S5,S5,S4,S5,S5,S4,S5,S5,S5,S5,S4,S4,S5,S5,S5,S5,S5,S4,S5,S5,S2,0.934,93020,,,No falla,,,,0
9,S5,S5,S5,S5,S5,S5,S4,S5,S5,S4,S5,S5,S5,S5,S4,S4,S5,S5,S5,S5,S5,S4,S5,S5,S2,0.934,93020,,,No falla,,,,0
10,S5,S5,S5,S5,S5,S5,S4,S5,S5,S4,S5,S5,S5,S5,S4,S4,S5,S5,S5,S5,S5,S4,S5,S5,S2,0.934,93020,,,No falla,,,,0
11,S5,S5,S5,S5,S5,S5,S4,S5,S5,S4,S5,S5,S5,S5,S4,S4,S5,S5,S5,S5,S5,S4,S5,S5,S2,0.934,93020,,,No falla,,,,0
12,S5,S5,S5,S5,S5,S5,S4,S5,S5,S4,S5,S5,S5,S5,S4,S4,S5,S5,S5,S5,S5,S4,S5,S5,S2,0.934,93020,,,No falla,,,,0
13,S5,S5,S5,S5,S5,S5,S4,S5,S5,S4,S5,S5,S5,S5,S4,S4,S5,S5,S5,S5,S5,S4,S5,S5,S2,0.934,93020,,,No falla,,,,0
14,S5,S5,S5,S5,S5,S5,S4,S5,S5,S4,S5,S5,S5,S5,S4,S4,S5,S5,S5,S5,S5,S4,S5,S5,S2,0.934,93020,,,No falla,,,,0
15,S5,S5,S5,S5,S5,S5,S4,S5,S5,S4,S5,S5,S5,S5,S4,S4,S5,S5,S5,S5,S5,S4,S5,S5,S2,0.934,93020,,,No falla,,,,0
16,S5,S5,S5,S5,S5,S5,S4,S5,S5,S4,S5,S5,S5,S5,S4,S4,S5,S5,S5,S5,S5,S4,S5,S5,S2,0.934,93020,,,No falla,,,,0
17,S5,S5,S5,S5,S5,S5,S4,S5,S5,S4,S5,S5,S5,S5,S4,S4,S5,S5,S5,S5,S5,S4,S5,S5,S2,0.934,93020,,,No falla,,,,0
18,S5,S5,S5,S5,S5,S5,S4,S5,S5,S4,S5,S5,S5,S5,S4,S4,S5,S5,S5,S5,S5,S4,S5,S5,S2,0.934,93020,,,No falla,,,,0
19,S5,S5,S5,S5,S5,S5,S4,S5,S5,S4,S5,S5,S5,S5,S4,S4,S5,S5,S5,S5,S5,S4,S5,S5,S2,0.934,93020,,,No falla,,,,0
20,S5,S5,S5,S5,S5,S5,S4,S5,S5,S4,S5,S5,S5,S5,S4,S4,S5,S5,S5,S5,S5,S4,S5,S5,S2,0.934,93020,,,No falla,,,,0
21,S5,S5,S5,S5,S5,S5,S4,S5,S5,S4,S5,S5,S5,S5,S4,S4,S5,S5,S5,S5,S5,S4,S5,S5,S2,0.934,93020,,,No falla,,,,0
22,S5,S5,S5,S5,S5,S5,S4,S5,S5,S4,S5,S5,S5,S5,S4,S4,S5,S5,S5,S5,S5,S4,S5,S5,S2,0.934,93020,,,No falla,,,,0
23,S5,S5,S5,S5,S5,S5,S4,S5,S5,S4,S5,S5,S5,S5,S4,S4,S5,S5,S5,S5,S5,S4,S5,S5,S2,0.934,93020,,,No falla,,,,0
24,S5,S5,S5,S5,S5,S5,S4,S5,S5,S4,S5,S5,S5,S5,S4,S4,S5,S5,S5,S5,S5,S4,S5,S5,S2,0.934,93020,,,No falla,,,,0
25,S3,S5,S5,S5,S5,S5,S4,S5,S5,S4,S5,S5,S5,S5,S4,S4,S5,S5,S5,S5,S5,S4,S5,S5,S2,0.894,93020,,,No falla,,,,0
26,S5,S5,S5,S5,S5,S5,S4,S5,S5,S4,S5,S5,S5,S5,S4,S4,S5,S5,S5,S5,S5,S4,S5,S5,S2,0.934,93020,,,No falla,,,,0
27,S5,S5,S5,S5,S5,S5,S4,S5,S5,S4,S5,S5,S5,S5,S4,S4,S5,S5,S5,S5,S5,S4,S5,S5,S2,0.934,93020,,,No falla,,,,0
28,S5,S5,S5,S5,S5,S5,S4,S5,S5,S4,S5,S5,S5,S5,S4,S4,S5,S5,S5,S5,S5,S4,S5,S5,S2,0.934,93020,,,No falla,,,,0
29,S5,S5,S5,S5,S5,S5,S4,S5,S5,S4,S5,S5,S5,S5,S4,S4,S5,S5,S5,S5,S5,S4,S5,S5,S2,0.934,93020,,,No falla,,,,0
30,S5,S5,S5,S5,S5,S5,S4,S5,S5,S4,S5,S5,S5,S5,S4,S4,S5,S5,S5,S5,S5,S4,S5,S5,S2,0.934,93020,,,No falla,,,,0
31,S5,S5,S5,S5,S5,S5,S4,S5,S5,S4,S5,S5,S5,S5,S4,S4,S5,S5,S5,S5,S5,S4,S5,S5,S2,0.934,93020,,,No falla,,,,0
32,S5,S5,S5,S5,S5,S5,S4,S5,S5,S4,S5,S5,S5,S5,S4,S4,S5,S5,S5,S5,S5,S4,S5,S5,S2,0.934,93020,,,No falla,,,,0
33,S5,S5,S5,S5,S5,S5,S4,S5,S5,S4,S5,S5,S5,S5,S4,S4,S5,S5,S5,S5,S5,S4,S5,S5,S2,0.934,93020,,,No falla,,,,0
34,S5,S5,S5,S5,S5,S5,S4,S5,S5,S4,S5,S5,S5,S5,S4,S4,S5,S5,S5,S5,S5,S4,S5,S5,S2,0.934,93020,13.22,15/05/2015,B0= DESCARGA ATMOSFERICA,SE ENCONTRÓ FALMEO DE EVIDENCIA DEL ARCO ELÉCTRICO EN CADENA DE AISLAMIENTO DE LA FASE “A” EN LA ESTRUCTURA NO. 34.,,15/05/2015,1
35,S5,S5,S5,S5,S5,S5,S4,S5,S5,S4,S5,S5,S5,S5,S4,S4,S5,S5,S5,S5,S5,S4,S5,S5,S2,0.934,93020,,,No falla,,,,0
36,S5,S5,S5,S5,S5,S5,S4,S5,S5,S4,S5,S5,S5,S5,S4,S4,S5,S5,S5,S5,S5,S4,S5,S5,S2,0.934,93020,,,No falla,,,,0
37,S5,S5,S5,S5,S5,S5,S4,S5,S5,S4,S5,S5,S5,S5,S4,S4,S5,S5,S5,S5,S5,S4,S5,S5,S2,0.934,93020,,,No falla,,,,0
38,S5,S5,S5,S5,S5,S5,S4,S5,S5,S4,S5,S5,S5,S5,S4,S4,S5,S5,S5,S5,S5,S4,S5,S5,S2,0.934,93020,,,No falla,,,,0
39,S5,S5,S5,S5,S5,S5,S4,S5,S5,S4,S5,S5,S5,S5,S4,S4,S5,S5,S5,S5,S5,S4,S5,S5,S2,0.934,93020,,,No falla,,,,0
40,S5,S5,S5,S5,S5,S5,S4,S5,S5,S4,S5,S5,S5,S5,S4,S4,S5,S5,S5,S5,S5,S4,S5,S5,S2,0.934,93020,,,No falla,,,,0
41,S5,S5,S5,S5,S5,S5,S4,S5,S5,S4,S5,S5,S5,S5,S4,S4,S5,S5,S5,S5,S5,S4,S5,S5,S2,0.934,93020,,,No falla,,,,0
42,S5,S5,S5,S5,S5,S5,S4,S5,S5,S4,S5,S5,S5,S5,S4,S4,S5,S5,S5,S5,S5,S4,S5,S5,S2,0.934,93020,,,No falla,,,,0
43,S5,S5,S5,S5,S5,S5,S4,S5,S5,S4,S5,S5,S5,S5,S4,S4,S5,S5,S5,S5,S5,S4,S5,S5,S2,0.934,93020,,,No falla,,,,0
44,S5,S5,S5,S5,S5,S5,S4,S5,S5,S4,S5,S5,S5,S5,S4,S4,S5,S5,S5,S5,S5,S4,S5,S5,S2,0.934,93020,,,No falla,,,,0
45,S5,S5,S5,S5,S5,S5,S4,S5,S5,S4,S5,S5,S5,S5,S4,S4,S5,S5,S5,S5,S5,S4,S2,S5,S2,0.916,93020,,,No falla,,,,0
46,S5,S5,S5,S5,S5,S5,S4,S5,S5,S4,S5,S5,S5,S5,S4,S4,S5,S5,S5,S5,S5,S4,S2,S5,S2,0.916,93020,,,No falla,,,,0
47,S5,S5,S5,S5,S5,S5,S4,S5,S5,S4,S5,S5,S5,S5,S4,S4,S5,S5,S5,S5,S5,S4,S2,S5,S2,0.916,93020,,,No falla,,,,0
48,S5,S5,S5,S5,S5,S5,S4,S5,S5,S4,S5,S5,S5,S5,S4,S4,S5,S5,S5,S5,S5,S4,S2,S5,S2,0.916,93020,,,No falla,,,,0
49,S3,S5,S5,S5,S5,S5,S4,S5,S5,S4,S5,S5,S5,S5,S4,S4,S5,S5,S5,S5,S5,S4,S2,S5,S2,0.876,93020,,,No falla,,,,0
50,S5,S5,S5,S5,S5,S5,S4,S5,S5,S4,S5,S5,S5,S5,S4,S4,S5,S5,S5,S5,S5,S4,S2,S5,S2,0.916,93020,,,No falla,,,,0
51,S5,S5,S5,S5,S5,S5,S4,S5,S5,S4,S5,S5,S5,S5,S4,S4,S5,S5,S5,S5,S5,S4,S2,S5,S2,0.916,93020,19.93,01/04/2012,B0= DESCARGA ATMOSFERICA,"CADENA FLAMEADA EN ESTRUCTURA No. 51, FASE ""A"", POR DESCARGA ATMOSFERICA.",,01/04/2012,1
52,S5,S5,S5,S5,S5,S5,S4,S5,S5,S4,S5,S5,S5,S5,S4,S4,S5,S5,S5,S5,S5,S4,S2,S5,S2,0.916,93020,,,No falla,,,,0
53,S5,S5,S5,S5,S5,S5,S4,S5,S5,S4,S5,S5,S5,S5,S4,S4,S5,S5,S5,S5,S5,S4,S2,S5,S2,0.916,93020,,,No falla,,,,0
54,S5,S5,S5,S5,S5,S5,S4,S5,S5,S4,S5,S5,S5,S5,S4,S4,S5,S5,S5,S5,S5,S4,S2,S5,S2,0.916,93020,21.92,28/09/2012,B0= DESCARGA ATMOSFERICA,"CADENA FLAMEADA EN ESTRUCTURA No. 54, FASE ""B"", POR DESCARGA ATMOSFERICA.",,28/09/2012,1
55,S5,S5,S5,S5,S5,S5,S4,S5,S5,S4,S5,S5,S5,S5,S4,S4,S5,S5,S5,S5,S5,S4,S2,S5,S2,0.916,93020,,,No falla,,,,0
56,S5,S5,S5,S5,S5,S5,S4,S5,S5,S4,S5,S5,S5,S5,S4,S4,S5,S5,S5,S5,S5,S4,S2,S5,S2,0.916,93020,,,No falla,,,,0
57,S5,S5,S5,S5,S5,S5,S4,S5,S5,S4,S5,S5,S5,S5,S4,S4,S5,S5,S5,S5,S5,S4,S2,S5,S2,0.916,93020,,,No falla,,,,0
58,S5,S5,S5,S5,S5,S5,S4,S5,S5,S4,S5,S5,S5,S5,S4,S4,S5,S5,S5,S5,S5,S4,S2,S5,S2,0.916,93020,,,No falla,,,,0
1,S5,S3,S5,S5,S5,S5,S5,S5,S5,S5,S5,S5,S5,S5,S5,S5,S5,S5,S5,S5,S5,S4,S5,S0,S5,0.944,A3L60,,,No falla,,,,0
2,S5,S3,S5,S5,S5,S5,S5,S5,S5,S5,S5,S5,S5,S5,S5,S5,S5,S5,S5,S5,S5,S4,S5,S0,S5,0.944,A3L60,,,No falla,,,,0
3,S5,S3,S5,S5,S5,S5,S5,S5,S5,S5,S5,S5,S5,S5,S5,S5,S5,S5,S5,S5,S5,S4,S5,S0,S5,0.944,A3L60,,,No falla,,,,0
4,S5,S3,S5,S5,S5,S5,S5,S5,S5,S5,S5,S5,S5,S5,S5,S5,S5,S5,S5,S5,S5,S4,S5,S0,S5,0.944,A3L60,,,No falla,,,,0
5,S5,S3,S5,S5,S5,S5,S5,S5,S5,S5,S5,S5,S5,S5,S5,S5,S5,S5,S5,S5,S5,S4,S5,S0,S5,0.944,A3L60,,,No falla,,,,0
6,S5,S3,S5,S5,S5,S5,S5,S5,S5,S5,S5,S5,S5,S5,S5,S5,S5,S5,S5,S5,S5,S4,S5,S0,S5,0.944,A3L60,,,No falla,,,,0
7,S5,S5,S5,S5,S5,S5,S5,S5,S5,S5,S5,S5,S5,S5,S5,S5,S5,S5,S5,S5,S5,S4,S5,S0,S5,0.984,A3L60,,,No falla,,,,0
8,S5,S5,S5,S5,S5,S5,S5,S5,S5,S5,S5,S5,S5,S5,S5,S5,S5,S5,S5,S5,S5,S4,S5,S0,S5,0.984,A3L60,,,No falla,,,,0
9,S5,S5,S5,S5,S5,S5,S5,S5,S5,S5,S5,S5,S5,S5,S5,S5,S5,S5,S5,S5,S5,S4,S5,S0,S5,0.984,A3L60,,,No falla,,,,0
10,S5,S3,S5,S5,S5,S5,S5,S5,S5,S5,S5,S5,S5,S5,S5,S5,S5,S5,S5,S5,S5,S4,S5,S0,S5,0.944,A3L60,,,No falla,,,,0
11,S5,S2,S5,S5,S5,S5,S5,S5,S5,S5,S5,S5,S5,S5,S5,S5,S5,S5,S5,S5,S5,S4,S5,S0,S5,0.924,A3L60,,,No falla,,,,0
12,S5,S2,S5,S5,S5,S5,S5,S5,S5,S5,S5,S5,S5,S5,S5,S5,S5,S5,S5,S5,S5,S4,S5,S0,S5,0.924,A3L60,,,No falla,,,,0
13,S5,S2,S5,S5,S5,S5,S5,S5,S5,S5,S5,S5,S5,S5,S5,S5,S5,S5,S5,S5,S5,S4,S5,S0,S5,0.924,A3L60,,,No falla,,,,0
14,S5,S2,S5,S5,S5,S5,S5,S5,S5,S5,S5,S5,S5,S5,S5,S5,S5,S5,S5,S5,S5,S4,S5,S0,S5,0.924,A3L60,,,No falla,,,,0
15,S5,S3,S5,S5,S5,S5,S5,S5,S5,S5,S5,S5,S5,S5,S5,S5,S5,S5,S5,S5,S5,S4,S5,S0,S5,0.944,A3L60,,,No falla,,,,0
16,S5,S5,S5,S5,S5,S5,S5,S5,S5,S5,S5,S5,S5,S5,S5,S5,S5,S5,S5,S5,S5,S4,S5,S0,S5,0.984,A3L60,,,No falla,,,,0
17,S5,S2,S5,S5,S5,S5,S5,S5,S5,S5,S5,S5,S5,S5,S5,S5,S5,S5,S5,S5,S5,S4,S5,S0,S5,0.924,A3L60,,,No falla,,,,0
18,S5,S5,S5,S5,S5,S5,S5,S5,S5,S5,S5,S5,S5,S5,S5,S5,S5,S5,S5,S5,S5,S4,S5,S0,S5,0.984,A3L60,,,No falla,,,,0
19,S5,S5,S5,S5,S5,S5,S5,S5,S5,S5,S5,S5,S5,S5,S5,S5,S5,S5,S5,S5,S5,S4,S5,S0,S5,0.984,A3L60,,,No falla,,,,0
20,S5,S5,S5,S5,S5,S5,S5,S5,S5,S5,S5,S5,S5,S5,S5,S5,S5,S5,S5,S5,S5,S4,S5,S0,S5,0.984,A3L60,,,No falla,,,,0
21,S5,S5,S5,S5,S5,S5,S5,S5,S5,S5,S5,S5,S5,S5,S5,S5,S5,S5,S5,S5,S5,S4,S5,S0,S5,0.984,A3L60,,,No falla,,,,0
22,S5,S5,S5,S5,S5,S5,S5,S5,S5,S5,S5,S5,S5,S5,S5,S5,S5,S5,S5,S5,S5,S4,S5,S0,S5,0.984,A3L60,,,No falla,,,,0
23,S5,S5,S5,S5,S5,S5,S5,S5,S5,S5,S5,S5,S5,S5,S5,S5,S5,S5,S5,S5,S5,S4,S5,S0,S5,0.984,A3L60,,,No falla,,,,0
24,S5,S5,S5,S5,S5,S5,S5,S5,S5,S5,S5,S5,S5,S5,S5,S5,S5,S5,S5,S5,S5,S4,S5,S0,S5,0.984,A3L60,,,No falla,,,,0
25,S5,S5,S5,S5,S5,S5,S5,S5,S5,S5,S5,S5,S5,S5,S5,S5,S5,S5,S5,S5,S5,S4,S5,S0,S5,0.984,A3L60,,,No falla,,,,0
26,S5,S5,S5,S5,S5,S5,S5,S5,S5,S5,S5,S5,S5,S5,S5,S5,S5,S5,S5,S5,S5,S4,S5,S0,S5,0.984,A3L60,,,No falla,,,,0
27,S5,S5,S5,S5,S5,S5,S5,S5,S5,S5,S5,S5,S5,S5,S5,S5,S5,S5,S5,S5,S5,S4,S5,S0,S5,0.984,A3L60,,,No falla,,,,0
28,S5,S5,S5,S5,S5,S5,S5,S5,S5,S5,S5,S5,S5,S5,S5,S5,S5,S5,S5,S5,S5,S4,S5,S0,S5,0.984,A3L60,,,No falla,,,,0
29,S5,S5,S5,S5,S5,S5,S5,S5,S5,S5,S5,S5,S5,S5,S5,S5,S5,S5,S5,S5,S5,S4,S5,S0,S5,0.984,A3L60,,,No falla,,,,0
30,S5,S5,S5,S5,S5,S5,S5,S5,S5,S5,S5,S5,S5,S5,S5,S5,S5,S5,S5,S5,S5,S4,S5,S0,S5,0.984,A3L60,,,No falla,,,,0
31,S5,S5,S5,S5,S5,S5,S5,S5,S5,S5,S5,S5,S5,S5,S5,S5,S5,S5,S5,S5,S5,S4,S5,S0,S5,0.984,A3L60,,,No falla,,,,0
32,S5,S5,S5,S5,S5,S5,S5,S5,S5,S5,S5,S5,S5,S5,S5,S5,S5,S5,S5,S5,S5,S4,S5,S0,S5,0.984,A3L60,,,No falla,,,,0
33,S5,S5,S5,S5,S5,S5,S5,S5,S5,S5,S5,S5,S5,S5,S5,S5,S5,S5,S5,S5,S5,S4,S5,S0,S5,0.984,A3L60,,,No falla,,,,0
34,S5,S5,S5,S5,S5,S5,S5,S5,S5,S5,S5,S5,S5,S5,S5,S5,S5,S5,S5,S5,S5,S4,S5,S0,S5,0.984,A3L60,,,No falla,,,,0
35,S5,S5,S5,S5,S5,S5,S5,S5,S5,S5,S5,S5,S5,S5,S5,S5,S5,S5,S5,S5,S5,S4,S5,S0,S5,0.984,A3L60,,,No falla,,,,0
36,S5,S5,S5,S5,S5,S5,S5,S5,S5,S5,S5,S5,S5,S5,S5,S5,S5,S5,S5,S5,S5,S4,S5,S0,S5,0.984,A3L60,,,No falla,,,,0
37,S5,S5,S5,S5,S5,S5,S5,S5,S5,S5,S5,S5,S5,S5,S5,S5,S5,S5,S5,S5,S5,S4,S5,S0,S5,0.984,A3L60,,,No falla,,,,0
38,S5,S5,S5,S5,S5,S5,S5,S5,S5,S5,S5,S5,S5,S5,S5,S5,S5,S5,S5,S5,S5,S4,S5,S0,S5,0.984,A3L60,,,No falla,,,,0
39,S5,S5,S5,S5,S5,S5,S5,S5,S5,S5,S5,S5,S5,S5,S5,S5,S5,S5,S5,S5,S5,S4,S5,S0,S5,0.984,A3L60,,,No falla,,,,0
40,S5,S5,S5,S5,S5,S5,S5,S5,S5,S5,S5,S5,S5,S5,S5,S5,S5,S5,S5,S5,S5,S4,S5,S0,S5,0.984,A3L60,,,No falla,,,,0
41,S5,S2,S5,S5,S5,S5,S5,S5,S5,S5,S5,S5,S5,S5,S5,S5,S5,S5,S5,S5,S5,S4,S5,S0,S5,0.924,A3L60,,,No falla,,,,0
42,S5,S2,S5,S5,S5,S5,S5,S5,S5,S5,S5,S5,S5,S5,S5,S5,S5,S5,S5,S5,S5,S4,S5,S0,S5,0.924,A3L60,,,No falla,,,,0
43,S5,S2,S5,S5,S5,S5,S5,S5,S5,S5,S5,S5,S5,S5,S5,S5,S5,S5,S5,S5,S5,S4,S5,S0,S5,0.924,A3L60,,,No falla,,,,0
44,S5,S2,S5,S5,S5,S5,S5,S5,S5,S5,S5,S5,S5,S5,S5,S5,S5,S5,S5,S5,S5,S4,S5,S0,S5,0.924,A3L60,,,No falla,,,,0
45,S5,S2,S5,S5,S5,S5,S5,S5,S5,S5,S5,S5,S5,S5,S5,S5,S5,S5,S5,S5,S5,S4,S5,S0,S5,0.924,A3L60,,,No falla,,,,0
46,S5,S2,S5,S5,S5,S5,S5,S5,S5,S5,S5,S5,S5,S5,S5,S5,S5,S5,S5,S5,S5,S4,S5,S0,S5,0.924,A3L60,,,No falla,,,,0
47,S5,S2,S5,S5,S5,S5,S5,S5,S5,S5,S5,S5,S5,S5,S5,S5,S5,S5,S5,S5,S5,S4,S5,S0,S5,0.924,A3L60,,,No falla,,,,0
48,S5,S2,S5,S5,S5,S5,S5,S5,S5,S5,S5,S5,S5,S5,S5,S5,S5,S5,S5,S5,S5,S4,S5,S0,S5,0.924,A3L60,,,No falla,,,,0
49,S5,S2,S5,S5,S5,S5,S5,S5,S5,S5,S5,S5,S5,S5,S5,S5,S5,S5,S5,S5,S5,S4,S5,S0,S5,0.924,A3L60,,,No falla,,,,0
50,S5,S2,S5,S5,S5,S5,S5,S5,S5,S5,S5,S5,S5,S5,S5,S5,S5,S5,S5,S5,S5,S4,S5,S0,S5,0.924,A3L60,,,No falla,,,,0
51,S5,S5,S5,S5,S5,S5,S5,S5,S5,S5,S5,S5,S5,S5,S5,S5,S5,S5,S5,S5,S5,S4,S5,S0,S5,0.984,A3L60,,,No falla,,,,0
52,S5,S5,S5,S5,S5,S5,S5,S5,S5,S5,S5,S5,S5,S5,S5,S5,S5,S5,S5,S5,S5,S4,S5,S0,S5,0.984,A3L60,,,No falla,,,,0
53,S5,S5,S5,S5,S5,S5,S5,S5,S5,S5,S5,S5,S5,S5,S5,S5,S5,S5,S5,S5,S5,S4,S5,S0,S5,0.984,A3L60,,,No falla,,,,0
54,S5,S5,S5,S5,S5,S5,S5,S5,S5,S5,S5,S5,S5,S5,S5,S5,S5,S5,S5,S5,S5,S4,S5,S0,S5,0.984,A3L60,,,No falla,,,,0
55,S5,S5,S5,S5,S5,S5,S5,S5,S5,S5,S5,S5,S5,S5,S5,S5,S5,S5,S5,S5,S5,S4,S5,S0,S5,0.984,A3L60,,,No falla,,,,0
56,S5,S5,S5,S5,S5,S5,S5,S5,S5,S5,S5,S5,S5,S5,S5,S5,S5,S5,S5,S5,S5,S4,S5,S0,S5,0.984,A3L60,,,No falla,,,,0
57,S5,S5,S5,S5,S5,S5,S5,S5,S5,S5,S5,S5,S5,S5,S5,S5,S5,S5,S5,S5,S5,S4,S5,S0,S5,0.984,A3L60,,,No falla,,,,0
58,S5,S5,S5,S5,S5,S5,S5,S5,S5,S5,S5,S5,S5,S5,S5,S5,S5,S5,S5,S5,S5,S4,S5,S5,S5,0.994,A3L60,,,No falla,,,,0
59,S5,S5,S5,S5,S5,S5,S5,S5,S5,S5,S5,S5,S5,S5,S5,S5,S5,S5,S5,S5,S5,S4,S5,S5,S5,0.994,A3L60,,,No falla,,,,0
60,S5,S5,S5,S5,S5,S5,S5,S5,S5,S5,S5,S5,S5,S5,S5,S5,S5,S5,S5,S5,S5,S4,S5,S5,S5,0.994,A3L60,,,No falla,,,,0
61,S5,S5,S5,S5,S5,S5,S5,S5,S5,S5,S5,S5,S5,S5,S5,S5,S5,S5,S5,S5,S5,S4,S5,S5,S5,0.994,A3L60,,,No falla,,,,0
62,S5,S5,S5,S5,S5,S5,S5,S5,S5,S5,S5,S5,S5,S5,S5,S5,S5,S5,S5,S5,S5,S4,S5,S5,S5,0.994,A3L60,,,No falla,,,,0
63,S5,S5,S5,S5,S5,S5,S5,S5,S5,S5,S5,S5,S5,S5,S5,S5,S5,S5,S5,S5,S5,S4,S5,S5,S5,0.994,A3L60,,,No falla,,,,0
64,S5,S5,S5,S5,S5,S5,S5,S5,S5,S5,S5,S5,S5,S5,S5,S5,S5,S5,S5,S5,S5,S4,S5,S5,S5,0.994,A3L60,,,No falla,,,,0
65,S5,S5,S5,S5,S5,S5,S5,S5,S5,S5,S5,S5,S5,S5,S5,S5,S5,S5,S5,S5,S5,S4,S5,S5,S5,0.994,A3L60,,,No falla,,,,0
66,S5,S5,S5,S5,S5,S5,S5,S5,S5,S5,S5,S5,S5,S5,S5,S5,S5,S5,S5,S5,S5,S4,S5,S5,S5,0.994,A3L60,,,No falla,,,,0
67,S5,S5,S5,S5,S5,S5,S5,S5,S5,S5,S5,S5,S5,S5,S5,S5,S5,S5,S5,S5,S5,S4,S5,S5,S5,0.994,A3L60,,,No falla,,,,0
68,S5,S5,S5,S5,S5,S5,S5,S5,S5,S5,S5,S5,S5,S5,S5,S5,S5,S5,S5,S5,S5,S4,S5,S5,S5,0.994,A3L60,,,No falla,,,,0
69,S5,S5,S5,S5,S5,S5,S5,S5,S5,S5,S5,S5,S5,S5,S5,S5,S5,S5,S5,S5,S5,S4,S5,S5,S5,0.994,A3L60,,,No falla,,,,0
70,S5,S5,S5,S5,S5,S5,S5,S5,S5,S5,S5,S5,S5,S5,S5,S5,S5,S5,S5,S5,S5,S4,S5,S5,S5,0.994,A3L60,,,No falla,,,,0
71,S5,S5,S5,S5,S5,S5,S5,S5,S5,S5,S5,S5,S5,S5,S5,S5,S5,S5,S5,S5,S5,S4,S5,S5,S5,0.994,A3L60,,,No falla,,,,0
72,S5,S5,S5,S5,S5,S5,S5,S5,S5,S5,S5,S5,S5,S5,S5,S5,S5,S5,S5,S5,S5,S4,S5,S5,S5,0.994,A3L60,,,No falla,,,,0
73,S5,S5,S5,S5,S5,S5,S5,S5,S5,S5,S5,S5,S5,S5,S5,S5,S5,S5,S5,S5,S5,S4,S5,S5,S5,0.994,A3L60,,,No falla,,,,0
74,S5,S5,S5,S5,S5,S5,S5,S5,S5,S5,S5,S5,S5,S5,S5,S5,S5,S5,S5,S5,S5,S4,S5,S5,S5,0.994,A3L60,,,No falla,,,,0
75,S5,S5,S5,S5,S5,S5,S5,S5,S5,S5,S5,S5,S5,S5,S5,S5,S5,S5,S5,S5,S5,S4,S5,S5,S5,0.994,A3L60,,,No falla,,,,0
76,S5,S5,S5,S5,S5,S5,S5,S5,S5,S5,S5,S5,S5,S5,S5,S5,S5,S5,S5,S5,S5,S4,S5,S5,S5,0.994,A3L60,,,No falla,,,,0
77,S5,S5,S5,S5,S5,S5,S5,S5,S5,S5,S5,S5,S5,S5,S5,S5,S5,S5,S5,S5,S5,S4,S5,S5,S5,0.994,A3L60,,,No falla,,,,0
78,S5,S5,S5,S5,S5,S5,S5,S5,S5,S5,S5,S5,S5,S5,S5,S5,S5,S5,S5,S5,S5,S4,S5,S5,S5,0.994,A3L60,,,No falla,,,,0
79,S5,S5,S5,S5,S5,S5,S5,S5,S5,S5,S5,S5,S5,S5,S5,S5,S5,S5,S5,S5,S5,S4,S5,S5,S5,0.994,A3L60,,,No falla,,,,0
80,S5,S5,S5,S5,S5,S5,S5,S5,S5,S5,S5,S5,S5,S5,S5,S5,S5,S5,S5,S5,S5,S4,S5,S5,S5,0.994,A3L60,,,No falla,,,,0
81,S5,S5,S5,S5,S5,S5,S5,S5,S5,S5,S5,S5,S5,S5,S5,S5,S5,S5,S5,S5,S5,S4,S5,S5,S5,0.994,A3L60,,,No falla,,,,0
82,S5,S5,S5,S5,S5,S5,S5,S5,S5,S5,S5,S5,S5,S5,S5,S5,S5,S5,S5,S5,S5,S4,S5,S5,S5,0.994,A3L60,,,No falla,,,,0
83,S5,S5,S5,S5,S5,S5,S5,S5,S5,S5,S5,S5,S5,S5,S5,S5,S5,S5,S5,S5,S5,S4,S5,S5,S5,0.994,A3L60,,,No falla,,,,0
84,S5,S5,S5,S5,S5,S5,S5,S5,S5,S5,S5,S5,S5,S5,S5,S5,S5,S5,S5,S5,S5,S4,S5,S5,S5,0.994,A3L60,,,No falla,,,,0
85,S5,S5,S5,S5,S5,S5,S5,S5,S5,S5,S5,S5,S5,S5,S5,S5,S5,S5,S5,S5,S5,S4,S5,S5,S5,0.994,A3L60,,,No falla,,,,0
86,S5,S5,S5,S5,S5,S5,S5,S5,S5,S5,S5,S5,S5,S5,S5,S5,S5,S5,S5,S5,S5,S4,S5,S5,S5,0.994,A3L60,,,No falla,,,,0
87,S5,S5,S5,S5,S5,S5,S5,S5,S5,S5,S5,S5,S5,S5,S5,S5,S5,S5,S5,S5,S5,S4,S5,S5,S5,0.994,A3L60,,,No falla,,,,0
88,S5,S5,S5,S5,S5,S5,S5,S5,S5,S5,S5,S5,S5,S5,S5,S5,S5,S5,S5,S5,S5,S4,S5,S5,S5,0.994,A3L60,,,No falla,,,,0
89,S5,S5,S5,S5,S5,S5,S5,S5,S5,S5,S5,S5,S5,S5,S5,S5,S5,S5,S5,S5,S5,S4,S5,S5,S5,0.994,A3L60,,,No falla,,,,0
90,S5,S5,S5,S5,S5,S5,S5,S5,S5,S5,S5,S5,S5,S5,S5,S5,S5,S5,S5,S5,S5,S4,S5,S5,S5,0.994,A3L60,,,No falla,,,,0
91,S5,S5,S5,S5,S5,S5,S5,S5,S5,S5,S5,S5,S5,S5,S5,S5,S5,S5,S5,S5,S5,S4,S5,S5,S5,0.994,A3L60,,,No falla,,,,0
92,S5,S5,S5,S5,S5,S5,S5,S5,S5,S5,S5,S5,S5,S5,S5,S5,S5,S5,S5,S5,S5,S4,S5,S5,S5,0.994,A3L60,,,No falla,,,,0
93,S5,S5,S5,S5,S5,S5,S5,S5,S5,S5,S5,S5,S5,S5,S5,S5,S5,S5,S5,S5,S5,S4,S5,S5,S5,0.994,A3L60,,,No falla,,,,0
94,S5,S5,S5,S5,S5,S5,S5,S5,S5,S5,S5,S5,S5,S5,S5,S5,S5,S5,S5,S5,S5,S4,S5,S5,S5,0.994,A3L60,,,No falla,,,,0
95,S5,S5,S5,S5,S5,S5,S5,S5,S5,S5,S5,S5,S5,S5,S5,S5,S5,S5,S5,S5,S5,S4,S5,S5,S5,0.994,A3L60,,,No falla,,,,0
96,S5,S5,S5,S5,S5,S5,S5,S5,S5,S5,S5,S5,S5,S5,S5,S5,S5,S5,S5,S5,S5,S4,S5,S5,S5,0.994,A3L60,,,No falla,,,,0
97,S5,S5,S5,S5,S5,S5,S5,S5,S5,S5,S5,S5,S5,S5,S5,S5,S5,S5,S5,S5,S5,S4,S5,S5,S5,0.994,A3L60,,,No falla,,,,0
98,S5,S5,S5,S5,S5,S5,S5,S5,S5,S5,S5,S5,S5,S5,S5,S5,S5,S5,S5,S5,S5,S4,S5,S5,S5,0.994,A3L60,,,No falla,,,,0
99,S5,S5,S5,S5,S5,S5,S5,S5,S5,S5,S5,S5,S5,S5,S5,S5,S5,S5,S5,S5,S5,S4,S5,S5,S5,0.994,A3L60,,,No falla,,,,0
100,S5,S5,S5,S5,S5,S5,S5,S5,S5,S5,S5,S5,S5,S5,S5,S5,S5,S5,S5,S5,S5,S4,S5,S5,S5,0.994,A3L60,,,No falla,,,,0
101,S5,S5,S5,S5,S5,S5,S5,S5,S5,S5,S5,S5,S5,S5,S5,S5,S5,S5,S5,S5,S5,S4,S5,S5,S5,0.994,A3L60,,,No falla,,,,0
102,S5,S5,S5,S5,S5,S5,S5,S5,S5,S5,S5,S5,S5,S5,S5,S5,S5,S5,S5,S5,S5,S4,S5,S5,S5,0.994,A3L60,,,No falla,,,,0
103,S5,S5,S5,S5,S5,S5,S5,S5,S5,S5,S5,S5,S5,S5,S5,S5,S5,S5,S5,S5,S5,S4,S5,S5,S5,0.994,A3L60,,,No falla,,,,0
104,S5,S5,S5,S5,S5,S5,S5,S5,S5,S5,S5,S5,S5,S5,S5,S5,S5,S5,S5,S5,S5,S4,S5,S5,S5,0.994,A3L60,,,No falla,,,,0
105,S5,S5,S5,S5,S5,S5,S5,S5,S5,S5,S5,S5,S5,S5,S5,S5,S5,S5,S5,S5,S5,S4,S5,S5,S5,0.994,A3L60,,,No falla,,,,0
106,S5,S5,S5,S5,S5,S5,S5,S5,S5,S5,S5,S5,S5,S5,S5,S5,S5,S5,S5,S5,S5,S4,S5,S5,S5,0.994,A3L60,,,No falla,,,,0
107,S5,S5,S5,S5,S5,S5,S5,S5,S5,S5,S5,S5,S5,S5,S5,S5,S5,S5,S5,S5,S5,S4,S5,S5,S5,0.994,A3L60,,,No falla,,,,0
108,S5,S5,S5,S5,S5,S5,S5,S5,S5,S5,S5,S5,S5,S5,S5,S5,S5,S5,S5,S5,S5,S4,S5,S5,S5,0.994,A3L60,,,No falla,,,,0
109,S5,S5,S5,S5,S5,S5,S5,S5,S5,S5,S5,S5,S5,S5,S5,S5,S5,S5,S5,S5,S5,S4,S5,S5,S5,0.994,A3L60,,,No falla,,,,0
110,S5,S5,S5,S5,S5,S5,S5,S5,S5,S5,S5,S5,S5,S5,S5,S5,S5,S5,S5,S5,S5,S4,S5,S5,S5,0.994,A3L60,,,No falla,,,,0
111,S5,S5,S5,S5,S5,S5,S5,S5,S5,S5,S5,S5,S5,S5,S5,S5,S5,S5,S5,S5,S5,S4,S5,S5,S5,0.994,A3L60,,,No falla,,,,0
112,S5,S5,S5,S5,S5,S5,S5,S5,S5,S5,S5,S5,S5,S5,S5,S5,S5,S5,S5,S5,S5,S4,S5,S5,S5,0.994,A3L60,,,No falla,,,,0
113,S5,S5,S5,S5,S5,S5,S5,S5,S5,S5,S5,S5,S5,S5,S5,S5,S5,S5,S5,S5,S5,S4,S5,S5,S5,0.994,A3L60,,,No falla,,,,0
114,S5,S5,S5,S5,S5,S5,S5,S5,S5,S5,S5,S5,S5,S5,S5,S5,S5,S5,S5,S5,S5,S4,S5,S5,S5,0.994,A3L60,,,No falla,,,,0
115,S5,S5,S5,S5,S5,S5,S5,S5,S5,S5,S5,S5,S5,S5,S5,S5,S5,S5,S5,S5,S5,S4,S5,S5,S5,0.994,A3L60,,,No falla,,,,0
116,S5,S5,S5,S5,S5,S5,S5,S5,S5,S5,S5,S5,S5,S5,S5,S5,S5,S5,S5,S5,S5,S4,S5,S5,S5,0.994,A3L60,,,No falla,,,,0
117,S5,S5,S5,S5,S5,S5,S5,S5,S5,S5,S5,S5,S5,S5,S5,S5,S5,S5,S5,S5,S5,S4,S5,S5,S5,0.994,A3L60,,,No falla,,,,0
118,S5,S5,S5,S5,S5,S5,S5,S5,S5,S5,S5,S5,S5,S5,S5,S5,S5,S5,S5,S5,S5,S4,S5,S5,S5,0.994,A3L60,,,No falla,,,,0
119,S5,S5,S5,S5,S5,S5,S5,S5,S5,S5,S5,S5,S5,S5,S5,S5,S5,S5,S5,S5,S5,S4,S5,S5,S5,0.994,A3L60,,,No falla,,,,0
120,S5,S5,S5,S5,S5,S5,S5,S5,S5,S5,S5,S5,S5,S5,S5,S5,S5,S5,S5,S5,S5,S4,S5,S5,S5,0.994,A3L60,,,No falla,,,,0
121,S5,S5,S5,S5,S5,S5,S5,S5,S5,S5,S5,S5,S5,S5,S5,S5,S5,S5,S5,S5,S5,S4,S5,S5,S5,0.994,A3L60,,,No falla,,,,0
122,S5,S5,S5,S5,S5,S5,S5,S5,S5,S5,S5,S5,S5,S5,S5,S5,S5,S5,S5,S5,S5,S4,S5,S5,S5,0.994,A3L60,,,No falla,,,,0
123,S5,S5,S5,S5,S5,S5,S5,S5,S5,S5,S5,S5,S5,S5,S5,S5,S5,S5,S5,S5,S5,S4,S5,S5,S5,0.994,A3L60,,,No falla,,,,0
124,S5,S5,S5,S5,S5,S5,S5,S5,S5,S5,S5,S5,S5,S5,S5,S5,S5,S5,S5,S5,S5,S4,S5,S5,S5,0.994,A3L60,,,No falla,,,,0
125,S5,S5,S5,S5,S5,S5,S5,S5,S5,S5,S5,S5,S5,S5,S5,S5,S5,S5,S5,S5,S5,S4,S5,S5,S5,0.994,A3L60,,,No falla,,,,0
126,S5,S5,S5,S5,S5,S5,S5,S5,S5,S5,S5,S5,S5,S5,S5,S5,S5,S5,S5,S5,S5,S4,S5,S5,S5,0.994,A3L60,,,No falla,,,,0
127,S5,S5,S5,S5,S5,S5,S5,S5,S5,S5,S5,S5,S5,S5,S5,S5,S5,S5,S5,S5,S5,S4,S5,S5,S5,0.994,A3L60,,,No falla,,,,0
128,S5,S5,S5,S5,S5,S5,S5,S5,S5,S5,S5,S5,S5,S5,S5,S5,S5,S5,S5,S5,S5,S4,S5,S5,S5,0.994,A3L60,,,No falla,,,,0
129,S5,S5,S5,S5,S5,S5,S5,S5,S5,S5,S5,S5,S5,S5,S5,S5,S5,S5,S5,S5,S5,S4,S5,S5,S5,0.994,A3L60,,,No falla,,,,0
130,S5,S5,S5,S5,S5,S5,S5,S5,S5,S5,S5,S5,S5,S5,S5,S5,S5,S5,S5,S5,S5,S4,S5,S5,S5,0.994,A3L60,,,No falla,,,,0
131,S5,S5,S5,S5,S5,S5,S5,S5,S5,S5,S5,S5,S5,S5,S5,S5,S5,S5,S5,S5,S5,S4,S5,S5,S5,0.994,A3L60,,,No falla,,,,0
132,S5,S5,S5,S5,S5,S5,S5,S5,S5,S5,S5,S5,S5,S5,S5,S5,S5,S5,S5,S5,S5,S4,S5,S5,S5,0.994,A3L60,,,No falla,,,,0
133,S5,S5,S5,S5,S5,S5,S5,S5,S5,S5,S5,S5,S5,S5,S5,S5,S5,S5,S5,S5,S5,S4,S5,S5,S5,0.994,A3L60,,,No falla,,,,0
134,S5,S5,S5,S5,S5,S5,S5,S5,S5,S5,S5,S5,S5,S5,S5,S5,S5,S5,S5,S5,S5,S4,S5,S5,S5,0.994,A3L60,,,No falla,,,,0
135,S5,S5,S5,S5,S5,S5,S5,S5,S5,S5,S5,S5,S5,S5,S5,S5,S5,S5,S5,S5,S5,S4,S5,S5,S5,0.994,A3L60,,,No falla,,,,0
136,S5,S5,S5,S5,S5,S5,S5,S5,S5,S5,S5,S5,S5,S5,S5,S5,S5,S5,S5,S5,S5,S4,S5,S5,S5,0.994,A3L60,,,No falla,,,,0
137,S5,S5,S5,S5,S5,S5,S5,S5,S5,S5,S5,S5,S5,S5,S5,S5,S5,S5,S5,S5,S5,S4,S5,S5,S5,0.994,A3L60,,,No falla,,,,0
138,S5,S5,S5,S5,S5,S5,S5,S5,S5,S5,S5,S5,S5,S5,S5,S5,S5,S5,S5,S5,S5,S4,S5,S5,S5,0.994,A3L60,,,No falla,,,,0
139,S5,S5,S5,S5,S5,S5,S5,S5,S5,S5,S5,S5,S5,S5,S5,S5,S5,S5,S5,S5,S5,S4,S5,S5,S5,0.994,A3L60,,,No falla,,,,0
140,S5,S5,S5,S5,S5,S5,S5,S5,S5,S5,S5,S5,S5,S5,S5,S5,S5,S5,S5,S5,S5,S4,S5,S5,S5,0.994,A3L60,,,No falla,,,,0
141,S5,S5,S5,S5,S5,S5,S5,S5,S5,S5,S5,S5,S5,S5,S5,S5,S5,S5,S5,S5,S5,S4,S5,S5,S5,0.994,A3L60,,,No falla,,,,0
142,S5,S5,S5,S5,S5,S5,S5,S5,S5,S5,S5,S5,S5,S5,S5,S5,S5,S5,S5,S5,S5,S4,S5,S5,S5,0.994,A3L60,,,No falla,,,,0
143,S5,S5,S5,S5,S5,S5,S5,S5,S5,S5,S5,S5,S5,S5,S5,S5,S5,S5,S5,S5,S5,S4,S5,S5,S5,0.994,A3L60,,,No falla,,,,0
144,S5,S5,S5,S5,S5,S5,S5,S5,S5,S5,S5,S5,S5,S5,S5,S5,S5,S5,S5,S5,S5,S4,S5,S5,S5,0.994,A3L60,,,No falla,,,,0
145,S5,S5,S5,S5,S5,S5,S5,S5,S5,S5,S5,S5,S5,S5,S5,S5,S5,S5,S5,S5,S5,S4,S5,S5,S5,0.994,A3L60,,,No falla,,,,0
146,S5,S5,S5,S5,S5,S5,S5,S5,S5,S5,S5,S5,S5,S5,S5,S5,S5,S5,S5,S5,S5,S4,S5,S5,S5,0.994,A3L60,,,No falla,,,,0
147,S5,S5,S5,S5,S5,S5,S5,S5,S5,S5,S5,S5,S5,S5,S5,S5,S5,S5,S5,S5,S5,S4,S5,S5,S5,0.994,A3L60,,,No falla,,,,0
148,S5,S5,S5,S5,S5,S5,S5,S5,S5,S5,S5,S5,S5,S5,S5,S5,S5,S5,S5,S5,S5,S4,S5,S5,S5,0.994,A3L60,,,No falla,,,,0
149,S5,S5,S5,S5,S5,S5,S5,S5,S5,S5,S5,S5,S5,S5,S5,S5,S5,S5,S5,S5,S5,S4,S5,S5,S5,0.994,A3L60,,,No falla,,,,0
150,S5,S5,S5,S5,S5,S5,S5,S5,S5,S5,S5,S5,S5,S5,S5,S5,S5,S5,S5,S5,S5,S4,S5,S5,S5,0.994,A3L60,,,No falla,,,,0
151,S5,S5,S5,S5,S5,S5,S5,S5,S5,S5,S5,S5,S5,S5,S5,S5,S5,S5,S5,S5,S5,S4,S5,S5,S5,0.994,A3L60,,,No falla,,,,0
152,S5,S5,S5,S5,S5,S5,S5,S5,S5,S5,S5,S5,S5,S5,S5,S5,S5,S5,S5,S5,S5,S4,S5,S5,S5,0.994,A3L60,,,No falla,,,,0
153,S5,S5,S5,S5,S5,S5,S5,S5,S5,S5,S5,S5,S5,S5,S5,S5,S5,S5,S5,S5,S5,S4,S5,S5,S5,0.994,A3L60,,,No falla,,,,0
154,S5,S5,S5,S5,S5,S5,S5,S5,S5,S5,S5,S5,S5,S5,S5,S5,S5,S5,S5,S5,S5,S4,S5,S5,S5,0.994,A3L60,,,No falla,,,,0
155,S5,S5,S5,S5,S5,S5,S5,S5,S5,S5,S5,S5,S5,S5,S5,S5,S5,S5,S5,S5,S5,S4,S5,S5,S5,0.994,A3L60,,,No falla,,,,0
156,S5,S5,S5,S5,S5,S5,S5,S5,S5,S5,S5,S5,S5,S5,S5,S5,S5,S5,S5,S5,S5,S4,S5,S5,S5,0.994,A3L60,,,No falla,,,,0
157,S5,S5,S5,S5,S5,S5,S5,S5,S5,S5,S5,S5,S5,S5,S5,S5,S5,S5,S5,S5,S5,S4,S5,S5,S5,0.994,A3L60,,,No falla,,,,0
158,S5,S5,S5,S5,S5,S5,S5,S5,S5,S5,S5,S5,S5,S5,S5,S5,S5,S5,S5,S5,S5,S4,S5,S5,S5,0.994,A3L60,,,No falla,,,,0
159,S5,S5,S5,S5,S5,S5,S5,S5,S5,S5,S5,S5,S5,S5,S5,S5,S5,S5,S5,S5,S5,S4,S5,S5,S5,0.994,A3L60,,,No falla,,,,0
160,S5,S5,S5,S5,S5,S5,S5,S5,S5,S5,S5,S5,S5,S5,S5,S5,S5,S5,S5,S5,S5,S4,S5,S5,S5,0.994,A3L60,,,No falla,,,,0
161,S5,S5,S5,S5,S5,S5,S5,S5,S5,S5,S5,S5,S5,S5,S5,S5,S5,S5,S5,S5,S5,S4,S5,S5,S5,0.994,A3L60,,,No falla,,,,0
162,S5,S5,S5,S5,S5,S5,S5,S5,S5,S5,S5,S5,S5,S5,S5,S5,S5,S5,S5,S5,S5,S4,S5,S5,S5,0.994,A3L60,,,No falla,,,,0
163,S5,S5,S5,S5,S5,S5,S5,S5,S5,S5,S5,S5,S5,S5,S5,S5,S5,S5,S5,S5,S5,S4,S5,S5,S5,0.994,A3L60,,,No falla,,,,0
164,S5,S5,S5,S5,S5,S5,S5,S5,S5,S5,S5,S5,S5,S5,S5,S5,S5,S5,S5,S5,S5,S4,S5,S5,S5,0.994,A3L60,,,No falla,,,,0
165,S5,S5,S5,S5,S5,S5,S5,S5,S5,S5,S5,S5,S5,S5,S5,S5,S5,S5,S5,S5,S5,S4,S5,S5,S5,0.994,A3L60,,,No falla,,,,0
1,S3,S5,S5,S5,S5,S5,S4,S5,S5,S4,S5,S5,S5,S5,S5,S5,S5,S5,S5,S5,S5,S4,S5,S5,S2,0.908,93680,,,No falla,,,,0
2,S3,S5,S5,S5,S5,S5,S4,S5,S5,S4,S5,S5,S5,S5,S5,S5,S5,S5,S5,S5,S5,S4,S5,S5,S2,0.908,93680,0.5,04/05/2009,C0= VIENTOS FUERTES,"ARQUEO DEL CONDUCTOR DE LA FASE ""B"" A POSTE DE RETENIDA DE CIRCUITO DE DISTRIBUCION DE BAJA TENSION,  EN CLARO DE ESTRUCTURAS Nos. 2 Y 3, PROVOCADO POR FUERTES VIENTOS",,04/05/2009,2
3,S3,S5,S5,S5,S5,S5,S4,S5,S5,S4,S5,S5,S5,S5,S5,S5,S5,S5,S5,S5,S5,S4,S5,S5,S2,0.908,93680,,,No falla,,,,0
4,S3,S5,S5,S5,S5,S5,S4,S5,S5,S4,S5,S5,S5,S5,S5,S5,S5,S5,S5,S5,S5,S4,S5,S5,S2,0.908,93680,,,No falla,,,,0
5,S3,S5,S5,S5,S5,S5,S4,S5,S5,S4,S5,S5,S5,S5,S5,S5,S5,S5,S5,S5,S5,S4,S5,S5,S2,0.908,93680,,,No falla,,,,0
6,S3,S5,S5,S5,S5,S5,S4,S5,S5,S4,S5,S5,S5,S5,S5,S5,S5,S5,S5,S5,S5,S4,S5,S5,S2,0.908,93680,,,No falla,,,,0
7,S3,S5,S5,S5,S5,S5,S4,S5,S5,S4,S5,S5,S5,S5,S5,S5,S5,S5,S5,S5,S5,S4,S5,S5,S2,0.908,93680,,,No falla,,,,0
8,S3,S5,S5,S5,S5,S5,S4,S5,S5,S4,S5,S5,S5,S5,S5,S5,S5,S5,S5,S5,S5,S4,S5,S5,S2,0.908,93680,,,No falla,,,,0
9,S3,S5,S5,S5,S5,S5,S4,S5,S5,S4,S5,S5,S5,S5,S5,S5,S5,S5,S5,S5,S5,S4,S5,S5,S2,0.908,93680,,,No falla,,,,0
10,S3,S5,S5,S5,S5,S5,S4,S5,S5,S4,S5,S5,S5,S5,S5,S5,S5,S5,S5,S5,S5,S4,S5,S5,S2,0.908,93680,,,No falla,,,,0
11,S3,S5,S5,S5,S5,S5,S4,S5,S5,S4,S5,S5,S5,S5,S5,S5,S5,S5,S5,S5,S5,S4,S5,S5,S2,0.908,93680,,,No falla,,,,0
12,S3,S5,S5,S5,S5,S5,S4,S5,S5,S4,S5,S5,S5,S5,S5,S5,S5,S5,S5,S5,S5,S4,S5,S5,S2,0.908,93680,,,No falla,,,,0
13,S3,S5,S5,S5,S5,S5,S4,S5,S5,S4,S5,S5,S5,S5,S5,S5,S5,S5,S5,S5,S5,S4,S5,S5,S2,0.908,93680,,,No falla,,,,0
14,S3,S5,S5,S5,S5,S5,S4,S5,S5,S4,S5,S5,S5,S5,S5,S5,S5,S5,S5,S5,S5,S4,S5,S5,S2,0.908,93680,,,No falla,,,,0
15,S3,S5,S5,S5,S5,S5,S4,S5,S5,S4,S5,S5,S5,S5,S5,S5,S5,S5,S5,S5,S5,S4,S5,S5,S2,0.908,93680,,,No falla,,,,0
16,S3,S5,S5,S5,S5,S5,S4,S5,S5,S4,S5,S5,S5,S5,S5,S5,S5,S5,S5,S5,S5,S4,S5,S5,S2,0.908,93680,,,No falla,,,,0
17,S3,S5,S5,S5,S5,S5,S4,S5,S5,S4,S5,S5,S5,S5,S5,S5,S5,S5,S5,S5,S5,S4,S5,S5,S2,0.908,93680,,,No falla,,,,0
18,S3,S5,S5,S5,S5,S5,S4,S5,S5,S4,S5,S5,S5,S5,S5,S5,S5,S5,S5,S5,S5,S4,S5,S5,S2,0.908,93680,,,No falla,,,,0
19,S3,S5,S5,S5,S5,S5,S5,S5,S5,S5,S5,S5,S5,S5,S5,S5,S5,S5,S5,S5,S5,S4,S5,S5,S5,0.954,93680,,,No falla,,,,0
20,S3,S5,S5,S5,S5,S5,S5,S5,S5,S5,S5,S5,S5,S5,S5,S5,S5,S5,S5,S5,S5,S4,S5,S5,S5,0.954,93680,,,No falla,,,,0
21,S5,S5,S5,S5,S5,S5,S5,S5,S5,S5,S5,S5,S5,S5,S5,S5,S5,S5,S5,S5,S5,S4,S5,S5,S5,0.994,93680,,,No falla,,,,0
22,S5,S5,S5,S5,S5,S5,S5,S5,S5,S5,S5,S5,S5,S5,S5,S5,S5,S5,S5,S5,S5,S4,S5,S5,S5,0.994,93680,,,No falla,,,,0
23,S5,S5,S5,S5,S5,S5,S5,S5,S5,S5,S5,S5,S5,S5,S5,S5,S5,S5,S5,S5,S5,S4,S5,S5,S5,0.994,93680,,,No falla,,,,0
24,S5,S5,S5,S5,S5,S5,S5,S5,S5,S5,S5,S5,S5,S5,S5,S5,S5,S5,S5,S5,S5,S4,S5,S5,S5,0.994,93680,,,No falla,,,,0
25,S5,S5,S5,S5,S5,S5,S5,S5,S5,S5,S5,S5,S5,S5,S5,S5,S5,S5,S5,S5,S5,S4,S5,S5,S5,0.994,93680,,,No falla,,,,0
26,S5,S5,S5,S5,S5,S5,S5,S5,S5,S5,S5,S5,S5,S5,S5,S5,S5,S5,S5,S5,S5,S4,S5,S5,S5,0.994,93680,,,No falla,,,,0
27,S5,S5,S5,S5,S5,S5,S5,S5,S5,S5,S5,S5,S5,S5,S5,S5,S5,S5,S5,S5,S5,S4,S5,S5,S5,0.994,93680,,,No falla,,,,0
28,S5,S5,S5,S5,S5,S5,S5,S5,S5,S5,S5,S5,S5,S5,S5,S5,S5,S5,S5,S5,S5,S4,S5,S5,S5,0.994,93680,,,No falla,,,,0
29,S5,S5,S5,S5,S5,S5,S5,S5,S5,S5,S5,S5,S5,S5,S5,S5,S5,S5,S5,S5,S5,S4,S5,S5,S5,0.994,93680,,,No falla,,,,0
30,S5,S5,S5,S5,S5,S5,S5,S5,S5,S5,S5,S5,S5,S5,S5,S5,S5,S5,S5,S5,S5,S4,S5,S5,S5,0.994,93680,,,No falla,,,,0
31,S5,S5,S5,S5,S5,S5,S5,S5,S5,S5,S5,S5,S5,S5,S5,S5,S5,S5,S5,S5,S5,S4,S5,S5,S5,0.994,93680,,,No falla,,,,0
32,S5,S5,S5,S5,S5,S5,S5,S5,S5,S5,S5,S5,S5,S5,S5,S5,S5,S5,S5,S5,S5,S4,S5,S5,S5,0.994,93680,,,No falla,,,,0
33,S5,S5,S5,S5,S5,S5,S5,S5,S5,S5,S5,S5,S5,S5,S5,S5,S5,S5,S5,S5,S5,S4,S5,S5,S5,0.994,93680,,,No falla,,,,0
34,S5,S5,S5,S5,S5,S5,S5,S5,S5,S5,S5,S5,S5,S5,S5,S5,S5,S5,S5,S5,S5,S4,S5,S5,S5,0.994,93680,,,No falla,,,,0
35,S5,S5,S5,S5,S5,S5,S5,S5,S5,S5,S5,S5,S5,S5,S5,S5,S5,S5,S5,S5,S5,S4,S5,S5,S5,0.994,93680,,,No falla,,,,0
36,S5,S5,S5,S5,S5,S5,S5,S5,S5,S5,S5,S5,S5,S5,S5,S5,S5,S5,S5,S5,S5,S4,S5,S5,S5,0.994,93680,,,No falla,,,,0
37,S5,S5,S5,S5,S5,S5,S5,S5,S5,S5,S5,S5,S5,S5,S5,S5,S5,S5,S5,S5,S5,S4,S5,S5,S5,0.994,93680,,,No falla,,,,0
38,S5,S5,S5,S5,S5,S5,S5,S5,S5,S5,S5,S5,S5,S5,S5,S5,S5,S5,S5,S5,S5,S4,S5,S5,S5,0.994,93680,,,No falla,,,,0
39,S5,S5,S5,S5,S5,S5,S5,S5,S5,S5,S5,S5,S5,S5,S5,S5,S5,S5,S5,S5,S5,S4,S5,S5,S5,0.994,93680,,,No falla,,,,0
40,S5,S5,S5,S5,S5,S5,S5,S5,S5,S5,S5,S5,S5,S5,S5,S5,S5,S5,S5,S5,S5,S4,S5,S5,S5,0.994,93680,,,No falla,,,,0
41,S5,S5,S5,S5,S5,S5,S5,S5,S5,S5,S5,S5,S5,S5,S5,S5,S5,S5,S5,S5,S5,S4,S5,S5,S5,0.994,93680,,,No falla,,,,0
42,S5,S5,S5,S5,S5,S5,S5,S5,S5,S5,S5,S5,S5,S5,S5,S5,S5,S5,S5,S5,S5,S4,S5,S5,S5,0.994,93680,,,No falla,,,,0
43,S5,S5,S5,S5,S5,S5,S5,S5,S5,S5,S5,S5,S5,S5,S5,S5,S5,S5,S5,S5,S5,S4,S5,S5,S5,0.994,93680,,,No falla,,,,0
44,S5,S5,S5,S5,S5,S5,S5,S5,S5,S5,S5,S5,S5,S5,S5,S5,S5,S5,S5,S5,S5,S4,S5,S5,S5,0.994,93680,,,No falla,,,,0
45,S5,S5,S5,S5,S5,S5,S5,S5,S5,S5,S5,S5,S5,S5,S5,S5,S5,S5,S5,S5,S5,S4,S5,S5,S5,0.994,93680,,,No falla,,,,0
46,S5,S5,S5,S5,S5,S5,S5,S5,S5,S5,S5,S5,S5,S5,S5,S5,S5,S5,S5,S5,S5,S4,S5,S5,S5,0.994,93680,,,No falla,,,,0
47,S5,S5,S5,S5,S5,S5,S5,S5,S5,S5,S5,S5,S5,S5,S5,S5,S5,S5,S5,S5,S5,S4,S5,S5,S5,0.994,93680,,,No falla,,,,0
48,S5,S5,S5,S5,S5,S5,S5,S5,S5,S5,S5,S5,S5,S5,S5,S5,S5,S5,S5,S5,S5,S4,S5,S5,S5,0.994,93680,,,No falla,,,,0
49,S5,S5,S5,S5,S5,S5,S5,S5,S5,S5,S5,S5,S5,S5,S5,S5,S5,S5,S5,S5,S5,S4,S5,S5,S5,0.994,93680,,,No falla,,,,0
50,S5,S5,S5,S5,S5,S5,S5,S5,S5,S5,S5,S5,S5,S5,S5,S5,S5,S5,S5,S5,S5,S4,S5,S5,S5,0.994,93680,,,No falla,,,,0
51,S5,S5,S5,S5,S5,S5,S5,S5,S5,S5,S5,S5,S5,S5,S5,S5,S5,S5,S5,S5,S5,S4,S5,S5,S5,0.994,93680,,,No falla,,,,0
1,S5,S5,S5,S5,S5,S5,S4,S5,S5,S4,S5,S5,S5,S5,S5,S5,S5,S5,S5,S5,S5,S4,S5,S5,S5,0.954,93610,,,No falla,,,,0
2,S5,S5,S5,S5,S5,S5,S4,S5,S5,S4,S5,S5,S5,S5,S5,S5,S5,S5,S5,S5,S5,S4,S5,S5,S5,0.954,93610,,,No falla,,,,0
3,S5,S5,S5,S5,S5,S5,S4,S5,S5,S4,S5,S5,S5,S5,S5,S5,S5,S5,S5,S5,S5,S4,S5,S5,S5,0.954,93610,,,No falla,,,,0
4,S3,S5,S5,S5,S5,S5,S4,S5,S5,S4,S5,S5,S5,S5,S5,S5,S5,S5,S5,S5,S5,S4,S5,S5,S5,0.914,93610,,,No falla,,,,0
5,S3,S5,S5,S5,S5,S5,S4,S5,S5,S4,S5,S5,S5,S5,S5,S5,S5,S5,S5,S5,S5,S4,S5,S5,S5,0.914,93610,,,No falla,,,,0
6,S3,S5,S5,S5,S5,S5,S4,S5,S5,S4,S5,S5,S5,S5,S5,S5,S5,S5,S5,S5,S5,S4,S5,S5,S5,0.914,93610,,,No falla,,,,0
7,S3,S5,S5,S5,S5,S5,S4,S5,S5,S4,S5,S5,S5,S5,S5,S5,S5,S5,S5,S5,S5,S4,S5,S5,S5,0.914,93610,,,No falla,,,,0
8,S3,S5,S5,S5,S5,S5,S4,S5,S5,S4,S5,S5,S5,S5,S5,S5,S5,S5,S5,S5,S5,S4,S5,S5,S5,0.914,93610,,,No falla,,,,0
9,S3,S5,S5,S5,S5,S5,S4,S5,S5,S4,S5,S5,S5,S5,S5,S5,S5,S5,S5,S5,S5,S4,S5,S5,S5,0.914,93610,,,No falla,,,,0
10,S3,S5,S5,S5,S5,S5,S4,S5,S5,S4,S5,S5,S5,S5,S5,S5,S5,S5,S5,S5,S5,S4,S5,S5,S5,0.914,93610,,,No falla,,,,0
11,S3,S5,S5,S5,S5,S5,S4,S5,S5,S4,S5,S5,S5,S5,S5,S5,S5,S5,S5,S5,S5,S4,S5,S5,S5,0.914,93610,,,No falla,,,,0
12,S3,S5,S5,S5,S5,S5,S4,S5,S5,S4,S5,S5,S5,S5,S5,S5,S5,S5,S5,S5,S5,S4,S5,S5,S5,0.914,93610,,,No falla,,,,0
13,S5,S5,S5,S5,S5,S5,S4,S5,S5,S4,S5,S5,S5,S5,S5,S5,S5,S5,S5,S5,S5,S4,S5,S5,S5,0.954,93610,,,No falla,,,,0
14,S5,S5,S5,S5,S5,S5,S4,S5,S5,S4,S5,S5,S5,S5,S5,S5,S5,S5,S5,S5,S5,S4,S5,S5,S5,0.954,93610,,,No falla,,,,0
15,S5,S5,S5,S5,S5,S5,S4,S5,S5,S4,S5,S5,S5,S5,S5,S5,S5,S5,S5,S5,S5,S4,S5,S5,S5,0.954,93610,,,No falla,,,,0
16,S5,S5,S5,S5,S5,S5,S4,S5,S5,S4,S5,S5,S5,S5,S5,S5,S5,S5,S5,S5,S5,S4,S5,S5,S5,0.954,93610,,,No falla,,,,0
17,S5,S5,S5,S5,S5,S5,S4,S5,S5,S4,S5,S5,S5,S5,S5,S5,S5,S5,S5,S5,S5,S4,S5,S5,S5,0.954,93610,,,No falla,,,,0
18,S5,S5,S5,S5,S5,S5,S4,S5,S5,S4,S5,S5,S5,S5,S5,S5,S5,S5,S5,S5,S5,S4,S5,S5,S5,0.954,93610,,,No falla,,,,0
19,S3,S5,S5,S5,S5,S5,S4,S5,S5,S4,S5,S5,S5,S5,S5,S5,S5,S5,S5,S5,S5,S4,S5,S5,S5,0.914,93610,,,No falla,,,,0
20,S3,S5,S5,S5,S5,S5,S4,S5,S5,S4,S5,S5,S5,S5,S5,S5,S5,S5,S5,S5,S5,S4,S5,S5,S5,0.914,93610,,,No falla,,,,0
21,S3,S5,S5,S5,S5,S5,S4,S5,S5,S4,S5,S5,S5,S5,S5,S5,S5,S5,S5,S5,S5,S4,S5,S5,S5,0.914,93610,,,No falla,,,,0
22,S3,S5,S5,S5,S5,S5,S4,S5,S5,S4,S5,S5,S5,S5,S5,S5,S5,S5,S5,S5,S5,S4,S5,S5,S5,0.914,93610,,,No falla,,,,0
23,S3,S5,S5,S5,S5,S5,S4,S5,S5,S4,S5,S5,S5,S5,S5,S5,S5,S5,S5,S5,S5,S4,S5,S5,S5,0.914,93610,,,No falla,,,,0
24,S3,S5,S5,S5,S5,S5,S4,S5,S5,S4,S5,S5,S5,S5,S5,S5,S5,S5,S5,S5,S5,S4,S5,S5,S5,0.914,93610,,,No falla,,,,0
25,S5,S5,S5,S5,S5,S5,S4,S5,S5,S4,S5,S5,S5,S5,S5,S5,S5,S5,S5,S5,S5,S4,S5,S5,S5,0.954,93610,,,No falla,,,,0
26,S5,S5,S5,S5,S5,S5,S4,S5,S5,S4,S5,S5,S5,S5,S5,S5,S5,S5,S5,S5,S5,S4,S5,S5,S5,0.954,93610,,,No falla,,,,0
27,S5,S5,S5,S5,S5,S5,S4,S5,S5,S4,S5,S5,S5,S5,S5,S5,S5,S5,S5,S5,S5,S4,S5,S5,S5,0.954,93610,,,No falla,,,,0
28,S5,S5,S5,S5,S5,S5,S4,S5,S5,S4,S5,S5,S5,S5,S5,S5,S5,S5,S5,S5,S5,S4,S5,S5,S5,0.954,93610,,,No falla,,,,0
29,S5,S5,S5,S5,S5,S5,S4,S5,S5,S4,S5,S5,S5,S5,S5,S5,S5,S5,S5,S5,S5,S4,S5,S5,S5,0.954,93610,,,No falla,,,,0
30,S3,S5,S5,S5,S5,S5,S4,S5,S5,S4,S5,S5,S5,S5,S5,S5,S5,S5,S5,S5,S5,S4,S5,S5,S5,0.914,93610,,,No falla,,,,0
31,S5,S5,S5,S5,S5,S5,S4,S5,S5,S4,S5,S5,S5,S5,S5,S5,S5,S5,S5,S5,S5,S4,S5,S5,S5,0.954,93610,,,No falla,,,,0
32,S5,S5,S5,S5,S5,S5,S4,S5,S5,S4,S5,S5,S5,S5,S5,S5,S5,S5,S5,S5,S5,S4,S5,S5,S5,0.954,93610,,,No falla,,,,0
33,S5,S5,S5,S5,S5,S5,S4,S5,S5,S4,S5,S5,S5,S5,S5,S5,S5,S5,S5,S5,S5,S4,S5,S5,S5,0.954,93610,,,No falla,,,,0
34,S3,S5,S5,S5,S5,S5,S4,S5,S5,S4,S5,S5,S5,S5,S5,S5,S5,S5,S5,S5,S5,S4,S5,S5,S5,0.914,93610,,,No falla,,,,0
35,S3,S5,S5,S5,S5,S5,S4,S5,S5,S4,S5,S5,S5,S5,S5,S5,S5,S5,S5,S5,S5,S4,S5,S5,S5,0.914,93610,,,No falla,,,,0
36,S3,S5,S5,S5,S5,S5,S4,S5,S5,S4,S5,S5,S5,S5,S5,S5,S5,S5,S5,S5,S5,S4,S5,S5,S5,0.914,93610,,,No falla,,,,0
37,S3,S5,S5,S5,S5,S5,S4,S5,S5,S4,S5,S5,S5,S5,S5,S5,S5,S5,S5,S5,S5,S4,S5,S5,S5,0.914,93610,17.3,13/08/2008,B0= DESCARGA ATMOSFERICA,"FUERTES LLUVIAS CON DESCARGAS ATMOSFERICAS AL MOMENTO DEL DISPARO CADENA DE AISLAMIENTO FLAMEADA EN LA FASE ""A""EN LA ESTRUCTURA No.23",,13/08/2008,1
38,S3,S5,S5,S5,S5,S5,S4,S5,S5,S4,S5,S5,S5,S5,S5,S5,S5,S5,S5,S5,S5,S4,S5,S5,S5,0.914,93610,,,No falla,,,,0
39,S3,S5,S5,S5,S5,S5,S4,S5,S5,S4,S5,S5,S5,S5,S5,S5,S5,S5,S5,S5,S5,S4,S5,S5,S5,0.914,93610,,,No falla,,,,0
40,S3,S5,S5,S5,S5,S5,S4,S5,S5,S4,S5,S5,S5,S5,S5,S5,S5,S5,S5,S5,S5,S4,S5,S5,S5,0.914,93610,,,No falla,,,,0
41,S3,S5,S5,S5,S5,S5,S4,S5,S5,S4,S5,S5,S5,S5,S5,S5,S5,S5,S5,S5,S5,S4,S5,S5,S5,0.914,93610,,,No falla,,,,0
42,S3,S5,S5,S5,S5,S5,S4,S5,S5,S4,S5,S5,S5,S5,S5,S5,S5,S5,S5,S5,S5,S4,S5,S5,S5,0.914,93610,,,No falla,,,,0
43,S5,S5,S5,S5,S5,S5,S4,S5,S5,S4,S5,S5,S5,S5,S5,S5,S5,S5,S5,S5,S5,S4,S5,S5,S5,0.954,93610,,,No falla,,,,0
44,S3,S5,S5,S5,S5,S5,S4,S5,S5,S4,S2,S5,S5,S5,S5,S5,S5,S5,S5,S5,S5,S4,S5,S5,S5,0.896,93610,,,No falla,,,,0
45,S3,S5,S5,S5,S5,S5,S4,S5,S5,S4,S5,S5,S5,S5,S5,S5,S5,S5,S5,S5,S5,S4,S5,S5,S5,0.914,93610,,,No falla,,,,0
46,S3,S5,S5,S5,S5,S5,S4,S5,S5,S4,S5,S5,S5,S5,S5,S5,S5,S5,S5,S5,S5,S4,S5,S5,S5,0.914,93610,,,No falla,,,,0
47,S3,S5,S5,S5,S5,S5,S4,S5,S5,S4,S5,S5,S5,S5,S5,S5,S5,S5,S5,S5,S5,S4,S5,S5,S5,0.914,93610,,,No falla,,,,0
48,S3,S5,S5,S5,S5,S5,S4,S5,S5,S2,S5,S5,S5,S5,S5,S5,S5,S5,S5,S5,S5,S4,S5,S5,S5,0.874,93610,,,No falla,,,,0
49,S3,S5,S5,S5,S5,S5,S4,S5,S5,S4,S5,S5,S5,S5,S5,S5,S5,S5,S5,S5,S5,S4,S5,S5,S5,0.914,93610,,,No falla,,,,0
50,S3,S5,S5,S5,S5,S5,S4,S5,S5,S4,S5,S5,S5,S5,S5,S5,S5,S5,S5,S5,S5,S4,S5,S5,S5,0.914,93610,,,No falla,,,,0
51,S3,S5,S5,S5,S5,S5,S4,S5,S5,S4,S5,S5,S5,S5,S5,S5,S5,S5,S5,S5,S5,S4,S5,S5,S5,0.914,93610,,,No falla,,,,0
52,S3,S5,S5,S5,S5,S5,S4,S5,S5,S4,S5,S5,S5,S5,S5,S5,S5,S5,S5,S5,S5,S4,S5,S5,S5,0.914,93610,,,No falla,,,,0
1,S3,S5,S5,S5,S5,S5,S4,S5,S5,S4,S5,S5,S5,S5,S5,S5,S5,S5,S5,S5,S5,S5,S5,S5,S2,0.914,93100,,,No falla,,,,0
2,S3,S5,S5,S5,S5,S5,S4,S5,S5,S4,S5,S5,S5,S5,S5,S5,S5,S5,S5,S5,S5,S4,S5,S5,S2,0.908,93100,,,No falla,,,,0
3,S3,S5,S5,S5,S5,S5,S4,S5,S5,S4,S5,S5,S5,S5,S5,S5,S5,S5,S5,S5,S5,S4,S5,S5,S2,0.908,93100,,,No falla,,,,0
4,S3,S5,S5,S5,S5,S5,S4,S5,S5,S4,S5,S5,S5,S5,S5,S5,S5,S5,S5,S5,S5,S4,S5,S5,S2,0.908,93100,,,No falla,,,,0
5,S3,S5,S5,S5,S5,S5,S4,S5,S5,S4,S5,S5,S5,S5,S5,S5,S5,S5,S5,S5,S5,S4,S5,S5,S2,0.908,93100,,,No falla,,,,0
6,S3,S5,S5,S5,S5,S5,S4,S5,S5,S4,S5,S5,S5,S5,S5,S5,S5,S5,S5,S5,S5,S4,S5,S5,S2,0.908,93100,,,No falla,,,,0
7,S3,S5,S5,S5,S5,S5,S4,S5,S5,S4,S5,S5,S5,S5,S5,S5,S5,S5,S5,S5,S5,S4,S5,S5,S2,0.908,93100,,,No falla,,,,0
8,S3,S5,S5,S5,S5,S5,S4,S5,S5,S4,S5,S5,S5,S5,S5,S5,S5,S5,S5,S5,S5,S4,S5,S5,S2,0.908,93100,,,No falla,,,,0
9,S3,S5,S5,S5,S5,S5,S4,S5,S5,S4,S5,S5,S5,S5,S5,S5,S5,S5,S5,S5,S5,S4,S5,S5,S2,0.908,93100,,,No falla,,,,0
10,S5,S5,S5,S5,S5,S5,S4,S5,S5,S4,S5,S5,S5,S5,S5,S5,S5,S5,S5,S5,S5,S4,S5,S5,S2,0.948,93100,,,No falla,,,,0
11,S5,S5,S5,S5,S5,S5,S4,S5,S5,S4,S5,S5,S5,S5,S5,S5,S5,S5,S5,S5,S5,S4,S5,S5,S2,0.948,93100,,,No falla,,,,0
12,S5,S5,S5,S5,S5,S5,S4,S5,S5,S4,S5,S5,S5,S5,S5,S5,S5,S5,S5,S5,S5,S4,S5,S5,S2,0.948,93100,,,No falla,,,,0
13,S3,S5,S5,S5,S5,S5,S4,S5,S5,S4,S5,S5,S5,S5,S5,S5,S5,S5,S5,S5,S5,S4,S5,S5,S2,0.908,93100,,,No falla,,,,0
14,S3,S5,S5,S5,S5,S5,S4,S5,S5,S4,S5,S5,S5,S5,S5,S5,S5,S5,S5,S5,S5,S4,S5,S5,S2,0.908,93100,,,No falla,,,,0
15,S5,S5,S5,S5,S5,S5,S4,S5,S5,S4,S5,S5,S5,S5,S5,S5,S5,S5,S5,S5,S5,S4,S3,S5,S2,0.936,93100,,,No falla,,,,0
16,S5,S5,S5,S5,S5,S5,S4,S5,S5,S4,S5,S5,S5,S5,S5,S5,S5,S5,S5,S5,S5,S4,S3,S5,S2,0.936,93100,,,No falla,,,,0
17,S5,S5,S5,S5,S5,S5,S4,S5,S5,S4,S5,S5,S5,S5,S5,S5,S5,S5,S5,S5,S5,S4,S3,S5,S2,0.936,93100,,,No falla,,,,0
18,S5,S5,S5,S5,S5,S5,S4,S5,S5,S4,S5,S5,S5,S5,S5,S5,S5,S5,S5,S5,S5,S4,S3,S5,S2,0.936,93100,,,No falla,,,,0
19,S5,S5,S5,S5,S5,S5,S4,S5,S5,S4,S5,S5,S5,S5,S5,S5,S5,S5,S5,S5,S5,S4,S3,S5,S2,0.936,93100,,,No falla,,,,0
20,S5,S5,S5,S5,S5,S5,S4,S5,S5,S4,S5,S5,S5,S5,S5,S5,S5,S5,S5,S5,S5,S4,S3,S5,S2,0.936,93100,,,No falla,,,,0
21,S5,S5,S5,S5,S5,S5,S4,S5,S5,S4,S5,S5,S5,S5,S5,S5,S5,S5,S5,S5,S5,S4,S3,S5,S2,0.936,93100,,,No falla,,,,0
22,S5,S5,S5,S5,S5,S5,S4,S5,S5,S4,S5,S5,S5,S5,S5,S5,S5,S5,S5,S5,S5,S4,S3,S5,S2,0.936,93100,,,No falla,,,,0
23,S5,S5,S5,S5,S5,S5,S4,S5,S5,S4,S5,S5,S5,S5,S5,S5,S5,S5,S5,S5,S5,S4,S3,S5,S2,0.936,93100,,,No falla,,,,0
24,S5,S5,S5,S5,S5,S5,S4,S5,S5,S4,S5,S5,S5,S5,S5,S5,S5,S5,S5,S5,S5,S4,S3,S5,S2,0.936,93100,,,No falla,,,,0
25,S5,S5,S5,S5,S5,S5,S4,S5,S5,S4,S5,S5,S5,S5,S5,S5,S5,S5,S5,S5,S5,S4,S3,S5,S2,0.936,93100,,,No falla,,,,0
26,S5,S5,S5,S5,S5,S5,S4,S5,S5,S4,S5,S5,S5,S5,S5,S5,S5,S5,S5,S5,S5,S4,S3,S5,S2,0.936,93100,,,No falla,,,,0
27,S5,S5,S5,S5,S5,S5,S4,S5,S5,S4,S5,S5,S5,S5,S5,S5,S5,S5,S5,S5,S5,S4,S3,S5,S2,0.936,93100,,,No falla,,,,0
28,S5,S5,S5,S5,S5,S5,S4,S5,S5,S4,S5,S5,S5,S5,S5,S5,S5,S5,S5,S5,S5,S4,S3,S5,S2,0.936,93100,,,No falla,,,,0
29,S5,S5,S5,S5,S5,S5,S4,S5,S5,S4,S5,S5,S5,S5,S5,S5,S5,S5,S5,S5,S5,S4,S3,S5,S2,0.936,93100,,,No falla,,,,0
30,S5,S5,S5,S5,S5,S5,S4,S5,S5,S4,S5,S5,S5,S5,S5,S5,S5,S5,S5,S5,S5,S4,S3,S5,S2,0.936,93100,,,No falla,,,,0
31,S3,S5,S5,S5,S5,S5,S4,S5,S5,S4,S5,S5,S5,S5,S5,S5,S5,S5,S5,S5,S5,S4,S3,S5,S2,0.896,93100,,,No falla,,,,0
32,S3,S5,S5,S5,S5,S5,S4,S5,S5,S4,S5,S5,S5,S5,S5,S5,S5,S5,S5,S5,S5,S4,S3,S5,S2,0.896,93100,,,No falla,,,,0
33,S3,S5,S5,S5,S5,S5,S4,S5,S5,S4,S5,S5,S5,S5,S5,S5,S5,S5,S5,S5,S5,S4,S3,S5,S2,0.896,93100,,,No falla,,,,0
34,S3,S5,S5,S5,S5,S5,S4,S5,S5,S4,S5,S5,S5,S5,S5,S5,S5,S5,S5,S5,S5,S4,S3,S5,S2,0.896,93100,,,No falla,,,,0
35,S3,S5,S5,S5,S5,S5,S4,S5,S5,S4,S5,S5,S5,S5,S5,S5,S5,S5,S5,S5,S5,S4,S3,S5,S2,0.896,93100,,,No falla,,,,0
36,S3,S5,S5,S5,S5,S5,S4,S5,S5,S4,S5,S5,S5,S5,S5,S5,S5,S5,S5,S5,S5,S4,S3,S5,S2,0.896,93100,,,No falla,,,,0
37,S3,S5,S5,S5,S5,S5,S4,S5,S5,S4,S5,S5,S5,S5,S5,S5,S5,S5,S5,S5,S5,S4,S3,S5,S2,0.896,93100,,,No falla,,,,0
38,S3,S5,S5,S5,S5,S5,S4,S5,S5,S4,S5,S5,S5,S5,S5,S5,S5,S5,S5,S5,S5,S4,S3,S5,S2,0.896,93100,,,No falla,,,,0
39,S3,S5,S5,S5,S5,S5,S4,S5,S5,S4,S5,S5,S5,S5,S5,S5,S5,S5,S5,S5,S5,S4,S3,S5,S2,0.896,93100,,,No falla,,,,0
40,S3,S5,S5,S5,S5,S5,S4,S5,S5,S4,S5,S5,S5,S5,S5,S5,S5,S5,S5,S5,S5,S4,S3,S5,S2,0.896,93100,,,No falla,,,,0
41,S3,S5,S5,S5,S5,S5,S4,S5,S5,S4,S5,S5,S5,S5,S5,S5,S5,S5,S5,S5,S5,S4,S3,S5,S2,0.896,93100,,,No falla,,,,0
42,S3,S5,S5,S5,S5,S5,S4,S5,S5,S4,S5,S5,S5,S5,S5,S5,S5,S5,S5,S5,S5,S4,S3,S5,S2,0.896,93100,,,No falla,,,,0
43,S3,S5,S5,S5,S5,S5,S4,S5,S5,S4,S5,S5,S5,S5,S5,S5,S5,S5,S5,S5,S5,S4,S3,S5,S2,0.896,93100,,,No falla,,,,0
44,S3,S5,S5,S5,S5,S5,S4,S5,S5,S4,S5,S5,S5,S5,S5,S5,S5,S5,S5,S5,S5,S4,S3,S5,S2,0.896,93100,,,No falla,,,,0
45,S3,S5,S5,S5,S5,S5,S4,S5,S5,S4,S5,S5,S5,S5,S5,S5,S5,S5,S5,S5,S5,S4,S3,S5,S2,0.896,93100,,,No falla,,,,0
46,S3,S5,S5,S5,S5,S5,S4,S5,S5,S4,S5,S5,S5,S5,S5,S5,S5,S5,S5,S5,S5,S4,S3,S5,S2,0.896,93100,,,No falla,,,,0
47,S3,S5,S5,S5,S5,S5,S4,S5,S5,S4,S5,S5,S5,S5,S5,S5,S5,S5,S5,S5,S5,S4,S3,S5,S2,0.896,93100,,,No falla,,,,0
48,S3,S5,S5,S5,S5,S5,S4,S5,S5,S4,S5,S5,S5,S5,S5,S5,S5,S5,S5,S5,S5,S4,S3,S5,S2,0.896,93100,,,No falla,,,,0
49,S3,S5,S5,S5,S5,S5,S4,S5,S5,S4,S5,S5,S5,S5,S5,S5,S5,S5,S5,S5,S5,S4,S3,S5,S2,0.896,93100,,,No falla,,,,0
50,S3,S5,S5,S5,S5,S5,S4,S5,S5,S4,S5,S5,S5,S5,S5,S5,S5,S5,S5,S5,S5,S4,S3,S5,S2,0.896,93100,,,No falla,,,,0
51,S3,S5,S5,S5,S5,S5,S4,S5,S5,S4,S5,S5,S5,S5,S5,S5,S5,S5,S5,S5,S5,S4,S3,S5,S2,0.896,93100,,,No falla,,,,0
52,S3,S5,S5,S5,S5,S5,S4,S5,S5,S4,S5,S5,S5,S5,S5,S5,S5,S5,S5,S5,S5,S4,S3,S5,S2,0.896,93100,,,No falla,,,,0
53,S3,S5,S5,S5,S5,S5,S4,S5,S5,S4,S5,S5,S5,S5,S5,S5,S5,S5,S5,S5,S5,S4,S3,S5,S2,0.896,93100,,,No falla,,,,0
54,S3,S5,S5,S5,S5,S5,S4,S5,S5,S4,S5,S5,S5,S5,S5,S5,S5,S5,S5,S5,S5,S4,S3,S5,S2,0.896,93100,,,No falla,,,,0
55,S3,S5,S5,S5,S5,S5,S4,S5,S5,S4,S5,S5,S5,S5,S5,S5,S5,S5,S5,S5,S5,S4,S3,S5,S2,0.896,93100,,,No falla,,,,0
56,S3,S5,S5,S5,S5,S5,S4,S5,S5,S4,S5,S5,S5,S5,S5,S5,S5,S5,S5,S5,S5,S4,S3,S5,S2,0.896,93100,,,No falla,,,,0
57,S3,S5,S5,S5,S5,S5,S4,S5,S5,S4,S5,S5,S5,S5,S5,S5,S5,S5,S5,S5,S5,S4,S3,S5,S2,0.896,93100,,,No falla,,,,0
58,S3,S5,S5,S5,S5,S5,S4,S5,S5,S4,S5,S5,S5,S5,S5,S5,S5,S5,S5,S5,S5,S4,S3,S5,S2,0.896,93100,,,No falla,,,,0
59,S3,S5,S5,S5,S5,S5,S4,S5,S5,S4,S5,S5,S5,S5,S5,S5,S5,S5,S5,S5,S5,S4,S3,S5,S2,0.896,93100,43.3,10/04/2013,E2.3=EXTRAORDINARIA (ACCIDENTES),GRUA ACERCA PLUMA A CONDUCTOR ROMPIEDO DISTANCIA DIELECTRICA EN CLARO DE EST. Nos. 59 Y 60.,,10/04/2013,4
60,S3,S5,S5,S5,S5,S5,S4,S5,S5,S4,S5,S5,S5,S5,S5,S5,S5,S5,S5,S5,S5,S4,S3,S5,S2,0.896,93100,,,No falla,,,,0
61,S3,S5,S5,S5,S5,S5,S4,S5,S5,S4,S5,S5,S5,S5,S5,S5,S5,S5,S5,S5,S5,S4,S3,S5,S2,0.896,93100,,,No falla,,,,0
62,S3,S5,S5,S5,S5,S5,S4,S5,S5,S4,S5,S5,S5,S5,S5,S5,S5,S5,S5,S5,S5,S4,S3,S5,S2,0.896,93100,,,No falla,,,,0
63,S3,S5,S5,S5,S5,S5,S4,S5,S5,S4,S5,S5,S5,S5,S5,S5,S5,S5,S5,S5,S5,S4,S3,S5,S2,0.896,93100,23.62,07/06/2015,A6= CONTAMINACION,"FLAMEO EN ESTRUCTURA No. 63 FASE ""C"" POR CONTANIMACIÓN POR ESCREMENTO DE AVE",,07/06/2015,5
64,S3,S5,S5,S5,S5,S5,S4,S5,S5,S4,S5,S5,S5,S5,S5,S5,S5,S5,S5,S5,S5,S4,S3,S5,S2,0.896,93100,,,No falla,,,,0
65,S3,S5,S5,S5,S5,S5,S4,S5,S5,S4,S5,S5,S5,S5,S5,S5,S5,S5,S5,S5,S5,S4,S3,S5,S2,0.896,93100,,,No falla,,,,0
66,S3,S5,S5,S5,S5,S5,S4,S5,S5,S4,S5,S5,S5,S5,S5,S5,S5,S5,S5,S5,S5,S4,S3,S5,S2,0.896,93100,,,No falla,,,,0
67,S3,S5,S5,S5,S5,S5,S4,S5,S5,S4,S5,S5,S5,S5,S5,S5,S5,S5,S5,S5,S5,S4,S3,S5,S2,0.896,93100,,,No falla,,,,0
68,S3,S5,S5,S5,S5,S5,S4,S5,S5,S4,S5,S5,S5,S5,S5,S5,S5,S5,S5,S5,S5,S4,S3,S5,S2,0.896,93100,,,No falla,,,,0
69,S3,S5,S5,S5,S5,S5,S4,S5,S5,S4,S5,S5,S5,S5,S5,S5,S5,S5,S5,S5,S5,S4,S3,S5,S2,0.896,93100,,,No falla,,,,0
70,S3,S5,S5,S5,S5,S5,S4,S5,S5,S4,S5,S5,S5,S5,S5,S5,S5,S5,S5,S5,S5,S4,S3,S5,S2,0.896,93100,,,No falla,,,,0
71,S3,S5,S5,S5,S5,S5,S4,S5,S5,S4,S5,S5,S5,S5,S5,S5,S5,S5,S5,S5,S5,S4,S3,S5,S2,0.896,93100,,,No falla,,,,0
72,S5,S5,S5,S5,S5,S5,S4,S5,S5,S4,S5,S5,S5,S5,S5,S5,S5,S5,S5,S5,S5,S4,S3,S5,S2,0.936,93100,,,No falla,,,,0
73,S5,S5,S5,S5,S5,S5,S4,S5,S5,S4,S5,S5,S5,S5,S5,S5,S5,S5,S5,S5,S5,S4,S3,S5,S2,0.936,93100,,,No falla,,,,0
74,S5,S5,S5,S5,S5,S5,S4,S5,S5,S4,S5,S5,S5,S5,S5,S5,S5,S5,S5,S5,S5,S4,S3,S5,S2,0.936,93100,,,No falla,,,,0
75,S5,S5,S5,S5,S5,S5,S4,S5,S5,S4,S5,S5,S5,S5,S5,S5,S5,S5,S5,S5,S5,S4,S3,S5,S2,0.936,93100,,,No falla,,,,0
76,S5,S5,S5,S5,S5,S5,S4,S5,S5,S4,S5,S5,S5,S5,S5,S5,S5,S5,S5,S5,S5,S4,S3,S5,S2,0.936,93100,,,No falla,,,,0
77,S5,S5,S5,S5,S5,S5,S4,S5,S5,S4,S5,S5,S5,S5,S5,S5,S5,S5,S5,S5,S5,S4,S3,S5,S2,0.936,93100,,,No falla,,,,0
78,S5,S5,S5,S5,S5,S5,S4,S5,S5,S4,S5,S5,S5,S5,S5,S5,S5,S5,S5,S5,S5,S4,S3,S5,S2,0.936,93100,,,No falla,,,,0
79,S3,S5,S5,S5,S5,S5,S4,S5,S5,S4,S5,S5,S5,S5,S5,S5,S5,S5,S5,S5,S5,S4,S3,S5,S2,0.896,93100,,,No falla,,,,0
80,S3,S5,S5,S5,S5,S5,S4,S5,S5,S4,S5,S5,S5,S5,S5,S5,S5,S5,S5,S5,S5,S4,S3,S5,S2,0.896,93100,,,No falla,,,,0
81,S5,S5,S5,S5,S5,S5,S4,S5,S5,S4,S5,S5,S5,S5,S5,S5,S5,S5,S5,S5,S5,S4,S3,S5,S2,0.936,93100,,,No falla,,,,0
82,S5,S5,S5,S5,S5,S5,S4,S5,S5,S4,S5,S5,S5,S5,S5,S5,S5,S5,S5,S5,S5,S4,S3,S5,S2,0.936,93100,,,No falla,,,,0
83,S5,S5,S5,S5,S5,S5,S4,S5,S5,S4,S5,S5,S5,S5,S5,S5,S5,S5,S5,S5,S5,S4,S3,S5,S2,0.936,93100,,,No falla,,,,0
84,S5,S5,S5,S5,S5,S5,S4,S5,S5,S4,S5,S5,S5,S5,S5,S5,S5,S5,S5,S5,S5,S4,S3,S5,S2,0.936,93100,,,No falla,,,,0
85,S5,S5,S5,S5,S5,S5,S4,S5,S5,S4,S5,S5,S5,S5,S5,S5,S5,S5,S5,S5,S5,S4,S3,S5,S2,0.936,93100,,,No falla,,,,0
86,S5,S5,S5,S5,S5,S5,S4,S5,S5,S4,S5,S5,S5,S5,S5,S5,S5,S5,S5,S5,S5,S4,S3,S5,S2,0.936,93100,,,No falla,,,,0
87,S5,S5,S5,S5,S5,S5,S4,S5,S5,S4,S5,S5,S5,S5,S5,S5,S5,S5,S5,S5,S5,S4,S3,S5,S2,0.936,93100,,,No falla,,,,0
88,S5,S5,S5,S5,S5,S5,S4,S5,S5,S4,S5,S5,S5,S5,S5,S5,S5,S5,S5,S5,S5,S4,S3,S5,S2,0.936,93100,,,No falla,,,,0
89,S5,S5,S5,S5,S5,S5,S4,S5,S5,S4,S5,S5,S5,S5,S5,S5,S5,S5,S5,S5,S5,S4,S3,S5,S2,0.936,93100,,,No falla,,,,0
90,S5,S5,S5,S5,S5,S5,S4,S5,S5,S4,S5,S5,S5,S5,S5,S5,S5,S5,S5,S5,S5,S4,S3,S5,S2,0.936,93100,,,No falla,,,,0
91,S5,S5,S5,S5,S5,S5,S4,S5,S5,S4,S5,S5,S5,S5,S5,S5,S5,S5,S5,S5,S5,S4,S3,S5,S2,0.936,93100,,,No falla,,,,0
92,S5,S5,S5,S5,S5,S5,S4,S5,S5,S4,S5,S5,S5,S5,S5,S5,S5,S5,S5,S5,S5,S4,S3,S5,S2,0.936,93100,,,No falla,,,,0
93,S5,S5,S5,S5,S5,S5,S4,S5,S5,S4,S5,S5,S5,S5,S5,S5,S5,S5,S5,S5,S5,S4,S3,S5,S2,0.936,93100,,,No falla,,,,0
94,S5,S5,S5,S5,S5,S5,S4,S5,S5,S4,S5,S5,S5,S5,S5,S5,S5,S5,S5,S5,S5,S4,S3,S5,S2,0.936,93100,,,No falla,,,,0
95,S5,S5,S5,S5,S5,S5,S4,S5,S5,S4,S5,S5,S5,S5,S5,S5,S5,S5,S5,S5,S5,S4,S3,S5,S2,0.936,93100,,,No falla,,,,0
96,S5,S5,S5,S5,S5,S5,S4,S5,S5,S4,S5,S5,S5,S5,S5,S5,S5,S5,S5,S5,S5,S4,S3,S5,S2,0.936,93100,,,No falla,,,,0
97,S5,S5,S5,S5,S5,S5,S4,S5,S5,S4,S5,S5,S5,S5,S5,S5,S5,S5,S5,S5,S5,S4,S3,S5,S2,0.936,93100,,,No falla,,,,0
98,S5,S5,S5,S5,S5,S5,S4,S5,S5,S4,S5,S5,S5,S5,S5,S5,S5,S5,S5,S5,S5,S4,S3,S5,S2,0.936,93100,,,No falla,,,,0
99,S5,S5,S5,S5,S5,S5,S4,S5,S5,S4,S5,S5,S5,S5,S5,S5,S5,S5,S5,S5,S5,S4,S3,S5,S2,0.936,93100,,,No falla,,,,0
100,S3,S5,S5,S5,S5,S5,S4,S5,S5,S4,S5,S5,S5,S5,S5,S5,S5,S5,S5,S5,S5,S4,S3,S5,S2,0.896,93100,,,No falla,,,,0
101,S3,S5,S5,S5,S5,S5,S4,S5,S5,S4,S5,S5,S5,S5,S5,S5,S5,S5,S5,S5,S5,S4,S3,S5,S2,0.896,93100,,,No falla,,,,0
102,S3,S5,S5,S5,S5,S5,S4,S5,S5,S4,S5,S5,S5,S5,S5,S5,S5,S5,S5,S5,S5,S4,S3,S5,S2,0.896,93100,,,No falla,,,,0
103,S3,S5,S5,S5,S5,S5,S4,S5,S5,S4,S5,S5,S5,S5,S5,S5,S5,S5,S5,S5,S5,S4,S3,S5,S2,0.896,93100,,,No falla,,,,0
104,S3,S5,S5,S5,S5,S5,S4,S5,S5,S4,S5,S5,S5,S5,S5,S5,S5,S5,S5,S5,S5,S4,S3,S5,S2,0.896,93100,,,No falla,,,,0
105,S3,S5,S5,S5,S5,S5,S4,S5,S5,S4,S5,S5,S5,S5,S5,S5,S5,S5,S5,S5,S5,S4,S3,S5,S2,0.896,93100,,,No falla,,,,0
106,S3,S5,S5,S5,S5,S5,S4,S5,S5,S4,S5,S5,S5,S5,S5,S5,S5,S5,S5,S5,S5,S4,S3,S5,S2,0.896,93100,,,No falla,,,,0
107,S3,S5,S5,S5,S5,S5,S4,S5,S5,S4,S5,S5,S5,S5,S5,S5,S5,S5,S5,S5,S5,S4,S3,S5,S2,0.896,93100,,,No falla,,,,0
108,S3,S5,S5,S5,S5,S5,S4,S5,S5,S4,S5,S5,S5,S5,S5,S5,S5,S5,S5,S5,S5,S4,S3,S5,S2,0.896,93100,,,No falla,,,,0
109,S3,S5,S5,S5,S5,S5,S4,S5,S5,S4,S5,S5,S5,S5,S5,S5,S5,S5,S5,S5,S5,S4,S3,S5,S2,0.896,93100,,,No falla,,,,0
110,S3,S5,S5,S5,S5,S5,S4,S5,S5,S4,S5,S5,S5,S5,S5,S5,S5,S5,S5,S5,S5,S4,S3,S5,S2,0.896,93100,,,No falla,,,,0
111,S3,S5,S5,S5,S5,S5,S4,S5,S5,S4,S5,S5,S5,S5,S5,S5,S5,S5,S5,S5,S5,S4,S3,S5,S2,0.896,93100,,,No falla,,,,0
112,S3,S5,S5,S5,S5,S5,S4,S5,S5,S4,S5,S5,S5,S5,S5,S5,S5,S5,S5,S5,S5,S4,S3,S5,S2,0.896,93100,,,No falla,,,,0
113,S3,S5,S5,S5,S5,S5,S4,S5,S5,S4,S5,S5,S5,S5,S5,S5,S5,S5,S5,S5,S5,S4,S3,S5,S2,0.896,93100,,,No falla,,,,0
114,S3,S5,S5,S5,S5,S5,S4,S5,S5,S4,S5,S5,S5,S5,S5,S5,S5,S5,S5,S5,S5,S4,S3,S5,S2,0.896,93100,,,No falla,,,,0
115,S3,S5,S5,S5,S5,S5,S4,S5,S5,S4,S5,S5,S5,S5,S5,S5,S5,S5,S5,S5,S5,S4,S3,S5,S2,0.896,93100,42,31/08/2011,E2.1=EXTRAORDINARIA (VANDALISMO),"ESTA SALIDA FUE OCASIONADA POR FALLA PERMANENTE EN LA ESTRUCTURA NO. 115 (TENSIÓN DEFLEXIÓN), POR DAÑO (ROTOS) EN LOS AISLADORES DE VIDRIO DE LAS TRES FASES POR VANDALISMO.",,30/09/2011,6
116,S3,S5,S5,S5,S5,S5,S4,S5,S5,S4,S5,S5,S5,S5,S5,S5,S5,S5,S5,S5,S5,S4,S3,S5,S2,0.896,93100,43.3,14/04/2013,E2.2=EXTRAORDINARIA (FENOMENOS NATURALES),"DAÑO DE CADENA DE 17 AISLADORES DE VIDRIO, ESTRUCTURA No. 116, FASE ""A"" POR VANDALISMO.",,15/05/2013,7
117,S3,S5,S5,S5,S5,S5,S4,S5,S5,S4,S5,S5,S5,S5,S5,S5,S5,S5,S5,S5,S5,S4,S3,S5,S2,0.896,93100,,,No falla,,,,0
118,S3,S5,S5,S5,S5,S5,S4,S5,S5,S4,S5,S5,S5,S5,S5,S5,S5,S5,S5,S5,S5,S4,S3,S5,S2,0.896,93100,,,No falla,,,,0
119,S3,S5,S5,S5,S5,S5,S4,S5,S5,S4,S5,S5,S5,S5,S5,S5,S5,S5,S5,S5,S5,S4,S3,S5,S2,0.896,93100,,,No falla,,,,0
120,S5,S5,S5,S5,S5,S5,S4,S5,S5,S4,S5,S5,S5,S5,S5,S5,S5,S5,S5,S5,S5,S4,S3,S0,S2,0.926,93100,,,No falla,,,,0
121,S5,S5,S5,S5,S5,S5,S4,S5,S5,S4,S5,S5,S5,S5,S5,S5,S5,S5,S5,S5,S5,S4,S3,S0,S2,0.926,93100,,,No falla,,,,0
122,S5,S5,S5,S5,S5,S5,S4,S5,S5,S4,S5,S5,S5,S5,S5,S5,S5,S5,S5,S5,S5,S4,S3,S0,S2,0.926,93100,,,No falla,,,,0
123,S5,S5,S5,S5,S5,S5,S4,S5,S5,S4,S5,S5,S5,S5,S5,S5,S5,S5,S5,S5,S5,S4,S3,S0,S2,0.926,93100,,,No falla,,,,0
124,S5,S5,S5,S5,S5,S5,S4,S5,S5,S4,S5,S5,S5,S5,S5,S5,S5,S5,S5,S5,S5,S4,S3,S0,S2,0.926,93100,,,No falla,,,,0
125,S5,S5,S5,S5,S5,S5,S4,S5,S5,S4,S5,S5,S5,S5,S5,S5,S5,S5,S5,S5,S5,S4,S3,S0,S2,0.926,93100,,,No falla,,,,0
126,S5,S5,S5,S5,S5,S5,S4,S5,S5,S4,S5,S5,S5,S5,S5,S5,S5,S5,S5,S5,S5,S4,S3,S0,S2,0.926,93100,,,No falla,,,,0
127,S5,S5,S5,S5,S5,S5,S4,S5,S5,S4,S5,S5,S5,S5,S5,S5,S5,S5,S5,S5,S5,S4,S3,S0,S2,0.926,93100,,,No falla,,,,0
128,S5,S5,S5,S5,S5,S5,S4,S5,S5,S4,S5,S5,S5,S5,S5,S5,S5,S5,S5,S5,S5,S4,S3,S0,S2,0.926,93100,,,No falla,,,,0
129,S5,S5,S5,S5,S5,S5,S4,S5,S5,S4,S5,S5,S5,S5,S5,S5,S5,S5,S5,S5,S5,S4,S3,S0,S2,0.926,93100,,,No falla,,,,0
130,S5,S5,S5,S5,S5,S5,S4,S5,S5,S4,S5,S5,S5,S5,S5,S5,S5,S5,S5,S5,S5,S4,S3,S0,S2,0.926,93100,,,No falla,,,,0
131,S5,S5,S5,S5,S5,S5,S4,S5,S5,S4,S5,S5,S5,S5,S5,S5,S5,S5,S5,S5,S5,S4,S3,S0,S2,0.926,93100,,,No falla,,,,0
132,S5,S5,S5,S5,S5,S5,S4,S5,S5,S4,S5,S5,S5,S5,S5,S5,S5,S5,S5,S5,S5,S4,S3,S0,S2,0.926,93100,,,No falla,,,,0
133,S5,S5,S5,S5,S5,S5,S4,S5,S5,S4,S5,S5,S5,S5,S5,S5,S5,S5,S5,S5,S5,S4,S3,S0,S2,0.926,93100,,,No falla,,,,0
134,S5,S5,S5,S5,S5,S5,S4,S5,S5,S4,S5,S5,S5,S5,S5,S5,S5,S5,S5,S5,S5,S4,S3,S0,S2,0.926,93100,,,No falla,,,,0
135,S5,S5,S5,S5,S5,S5,S4,S5,S5,S4,S5,S5,S5,S5,S5,S5,S5,S5,S5,S5,S5,S4,S3,S0,S2,0.926,93100,,,No falla,,,,0
136,S5,S5,S5,S5,S5,S5,S4,S5,S5,S4,S5,S5,S5,S5,S5,S5,S5,S5,S5,S5,S5,S4,S3,S0,S2,0.926,93100,,,No falla,,,,0
137,S5,S5,S5,S5,S5,S5,S4,S5,S5,S4,S5,S5,S5,S5,S5,S5,S5,S5,S5,S5,S5,S4,S3,S0,S2,0.926,93100,,,No falla,,,,0
138,S5,S5,S5,S5,S5,S5,S4,S5,S5,S4,S5,S5,S5,S5,S5,S5,S5,S5,S5,S5,S5,S4,S3,S0,S2,0.926,93100,,,No falla,,,,0
139,S5,S5,S5,S5,S5,S5,S4,S5,S5,S4,S5,S5,S5,S5,S5,S5,S5,S5,S5,S5,S5,S4,S3,S0,S2,0.926,93100,,,No falla,,,,0
140,S5,S5,S5,S5,S5,S5,S4,S5,S5,S4,S5,S5,S5,S5,S5,S5,S5,S5,S5,S5,S5,S4,S3,S0,S2,0.926,93100,,,No falla,,,,0
141,S5,S5,S5,S5,S5,S5,S4,S5,S5,S4,S5,S5,S5,S5,S5,S5,S5,S5,S5,S5,S5,S4,S3,S0,S2,0.926,93100,,,No falla,,,,0
142,S5,S5,S5,S5,S5,S5,S4,S5,S5,S4,S5,S5,S5,S5,S5,S5,S5,S5,S5,S5,S5,S4,S3,S0,S2,0.926,93100,,,No falla,,,,0
143,S5,S5,S5,S5,S5,S5,S4,S5,S5,S4,S5,S5,S5,S5,S5,S5,S5,S5,S5,S5,S5,S4,S3,S0,S2,0.926,93100,,,No falla,,,,0
144,S5,S5,S5,S5,S5,S5,S4,S5,S5,S4,S5,S5,S5,S5,S5,S5,S5,S5,S5,S5,S5,S4,S3,S0,S2,0.926,93100,,,No falla,,,,0
145,S5,S5,S5,S5,S5,S5,S4,S5,S5,S4,S5,S5,S5,S5,S5,S5,S5,S5,S5,S5,S5,S4,S3,S0,S2,0.926,93100,,,No falla,,,,0
146,S5,S5,S5,S5,S5,S5,S4,S5,S5,S4,S5,S5,S5,S5,S5,S5,S5,S5,S5,S5,S5,S4,S3,S0,S2,0.926,93100,,,No falla,,,,0
147,S5,S5,S5,S5,S5,S5,S4,S5,S5,S4,S5,S5,S5,S5,S5,S5,S5,S5,S5,S5,S5,S4,S3,S0,S2,0.926,93100,,,No falla,,,,0
148,S5,S5,S5,S5,S5,S5,S4,S5,S5,S4,S5,S5,S5,S5,S5,S5,S5,S5,S5,S5,S5,S4,S3,S0,S2,0.926,93100,,,No falla,,,,0
149,S5,S5,S5,S5,S5,S5,S4,S5,S5,S4,S5,S5,S5,S5,S5,S5,S5,S5,S5,S5,S5,S4,S3,S0,S2,0.926,93100,,,No falla,,,,0
150,S5,S5,S5,S5,S5,S5,S4,S5,S5,S4,S5,S5,S5,S5,S5,S5,S5,S5,S5,S5,S5,S4,S3,S0,S2,0.926,93100,,,No falla,,,,0
151,S5,S5,S5,S5,S5,S5,S4,S5,S5,S4,S5,S5,S5,S5,S5,S5,S5,S5,S5,S5,S5,S4,S3,S0,S2,0.926,93100,,,No falla,,,,0
152,S5,S5,S5,S5,S5,S5,S4,S5,S5,S4,S5,S5,S5,S5,S5,S5,S5,S5,S5,S5,S5,S4,S3,S0,S2,0.926,93100,,,No falla,,,,0
153,S5,S5,S5,S5,S5,S5,S4,S5,S5,S4,S5,S5,S5,S5,S5,S5,S5,S5,S5,S5,S5,S4,S3,S0,S2,0.926,93100,,,No falla,,,,0
154,S5,S5,S5,S5,S5,S5,S4,S5,S5,S4,S5,S5,S5,S5,S5,S5,S5,S5,S5,S5,S5,S4,S3,S0,S2,0.926,93100,,,No falla,,,,0
155,S5,S5,S5,S5,S5,S5,S4,S5,S5,S4,S5,S5,S5,S5,S5,S5,S5,S5,S5,S5,S5,S4,S3,S0,S2,0.926,93100,,,No falla,,,,0
156,S5,S5,S5,S5,S5,S5,S4,S5,S5,S4,S5,S5,S5,S5,S5,S5,S5,S5,S5,S5,S5,S4,S3,S0,S2,0.926,93100,,,No falla,,,,0
157,S5,S5,S5,S5,S5,S5,S4,S5,S5,S4,S5,S5,S5,S5,S5,S5,S5,S5,S5,S5,S5,S4,S3,S0,S2,0.926,93100,,,No falla,,,,0
158,S5,S5,S5,S5,S5,S5,S4,S5,S5,S4,S5,S5,S5,S5,S5,S5,S5,S5,S5,S5,S5,S4,S3,S0,S2,0.926,93100,,,No falla,,,,0
159,S5,S5,S5,S5,S5,S5,S4,S5,S5,S4,S5,S5,S5,S5,S5,S5,S5,S5,S5,S5,S5,S4,S3,S0,S2,0.926,93100,,,No falla,,,,0
160,S5,S5,S5,S5,S5,S5,S4,S5,S5,S4,S5,S5,S5,S5,S5,S5,S5,S5,S5,S5,S5,S4,S3,S0,S2,0.926,93100,,,No falla,,,,0
161,S5,S5,S5,S5,S5,S5,S4,S5,S5,S4,S5,S5,S5,S5,S5,S5,S5,S5,S5,S5,S5,S4,S3,S0,S2,0.926,93100,,,No falla,,,,0
162,S5,S5,S5,S5,S5,S5,S4,S5,S5,S4,S5,S5,S5,S5,S5,S5,S5,S5,S5,S5,S5,S4,S3,S0,S2,0.926,93100,,,No falla,,,,0
163,S5,S5,S5,S5,S5,S5,S4,S5,S5,S4,S5,S5,S5,S5,S5,S5,S5,S5,S5,S5,S5,S4,S3,S0,S2,0.926,93100,,,No falla,,,,0
164,S5,S5,S5,S5,S5,S5,S4,S5,S5,S4,S5,S5,S5,S5,S5,S5,S5,S5,S5,S5,S5,S4,S3,S0,S2,0.926,93100,,,No falla,,,,0
165,S5,S5,S5,S5,S5,S5,S4,S5,S5,S4,S5,S5,S5,S5,S5,S5,S5,S5,S5,S5,S5,S4,S3,S0,S2,0.926,93100,63.67,04/08/2012,B0= DESCARGA ATMOSFERICA,"CADENA FLAMEADA EN ESTRUCTURA No. 165,TIPO HORIZONTAL, FASE ""C"" LATERAL.",,05/08/2012,1
166,S5,S5,S5,S5,S5,S5,S4,S5,S5,S4,S5,S5,S5,S5,S5,S5,S5,S5,S5,S5,S5,S4,S3,S0,S2,0.926,93100,,,No falla,,,,0
167,S5,S5,S5,S5,S5,S5,S4,S5,S5,S4,S5,S5,S5,S5,S5,S5,S5,S5,S5,S5,S5,S4,S3,S0,S2,0.926,93100,,,No falla,,,,0
168,S5,S5,S5,S5,S5,S5,S4,S5,S5,S4,S5,S5,S5,S5,S5,S5,S5,S5,S5,S5,S5,S4,S3,S0,S2,0.926,93100,,,No falla,,,,0
169,S5,S5,S5,S5,S5,S5,S4,S5,S5,S4,S5,S5,S5,S5,S5,S5,S5,S5,S5,S5,S5,S4,S3,S0,S2,0.926,93100,,,No falla,,,,0
170,S5,S5,S5,S5,S5,S5,S4,S5,S5,S4,S5,S5,S5,S5,S5,S5,S5,S5,S5,S5,S5,S4,S3,S0,S2,0.926,93100,,,No falla,,,,0
171,S5,S5,S5,S5,S5,S5,S4,S5,S5,S4,S5,S5,S5,S5,S5,S5,S5,S5,S5,S5,S5,S4,S3,S0,S2,0.926,93100,,,No falla,,,,0
172,S5,S5,S5,S5,S5,S5,S4,S5,S5,S4,S5,S5,S5,S5,S5,S5,S5,S5,S5,S5,S5,S4,S3,S0,S2,0.926,93100,,,No falla,,,,0
173,S5,S5,S5,S5,S5,S5,S4,S5,S5,S4,S5,S5,S5,S5,S5,S5,S5,S5,S5,S5,S5,S4,S3,S0,S2,0.926,93100,,,No falla,,,,0
174,S5,S5,S5,S5,S5,S5,S4,S5,S5,S4,S5,S5,S5,S5,S5,S5,S5,S5,S5,S5,S5,S4,S3,S0,S2,0.926,93100,,,No falla,,,,0
175,S5,S5,S5,S5,S5,S5,S4,S5,S5,S4,S5,S5,S5,S5,S5,S5,S5,S5,S5,S5,S5,S4,S3,S0,S2,0.926,93100,,,No falla,,,,0
176,S5,S5,S5,S5,S5,S5,S4,S5,S5,S4,S5,S5,S5,S5,S5,S5,S5,S5,S5,S5,S5,S4,S3,S0,S2,0.926,93100,,,No falla,,,,0
177,S5,S5,S5,S5,S5,S5,S4,S5,S5,S4,S5,S5,S5,S5,S5,S5,S5,S5,S5,S5,S5,S4,S3,S0,S2,0.926,93100,,,No falla,,,,0
178,S5,S5,S5,S5,S5,S5,S4,S5,S5,S4,S5,S5,S5,S5,S5,S5,S5,S5,S5,S5,S5,S4,S3,S0,S2,0.926,93100,,,No falla,,,,0
179,S5,S5,S5,S5,S5,S5,S4,S5,S5,S4,S5,S5,S5,S5,S5,S5,S5,S5,S5,S5,S5,S4,S3,S0,S2,0.926,93100,,,No falla,,,,0
180,S5,S5,S5,S5,S5,S5,S4,S5,S5,S4,S5,S5,S5,S5,S5,S5,S5,S5,S5,S5,S5,S4,S3,S0,S2,0.926,93100,,,No falla,,,,0
181,S5,S5,S5,S5,S5,S5,S4,S5,S5,S4,S5,S5,S5,S5,S5,S5,S5,S5,S5,S5,S5,S4,S3,S0,S2,0.926,93100,,,No falla,,,,0
182,S5,S5,S5,S5,S5,S5,S4,S5,S5,S4,S5,S5,S5,S5,S5,S5,S5,S5,S5,S5,S5,S4,S3,S0,S2,0.926,93100,,,No falla,,,,0
183,S5,S5,S5,S5,S5,S5,S4,S5,S5,S4,S5,S5,S5,S5,S5,S5,S5,S5,S5,S5,S5,S4,S3,S0,S2,0.926,93100,,,No falla,,,,0
184,S5,S5,S5,S5,S5,S5,S4,S5,S5,S4,S5,S5,S5,S5,S5,S5,S5,S5,S5,S5,S5,S4,S3,S0,S2,0.926,93100,,,No falla,,,,0
185,S5,S5,S5,S5,S5,S5,S4,S5,S5,S4,S5,S5,S5,S5,S5,S5,S5,S5,S5,S5,S5,S4,S3,S0,S2,0.926,93100,,,No falla,,,,0
186,S5,S5,S5,S5,S5,S5,S4,S5,S5,S4,S5,S5,S5,S5,S5,S5,S5,S5,S5,S5,S5,S4,S3,S0,S2,0.926,93100,,,No falla,,,,0
187,S5,S5,S5,S5,S5,S5,S4,S5,S5,S4,S5,S5,S5,S5,S5,S5,S5,S5,S5,S5,S5,S4,S3,S0,S2,0.926,93100,,,No falla,,,,0
188,S5,S5,S5,S5,S5,S5,S4,S5,S5,S4,S5,S5,S5,S5,S5,S5,S5,S5,S5,S5,S5,S4,S3,S0,S2,0.926,93100,,,No falla,,,,0
189,S5,S5,S5,S5,S5,S5,S4,S5,S5,S4,S5,S5,S5,S5,S5,S5,S5,S5,S5,S5,S5,S4,S3,S0,S2,0.926,93100,,,No falla,,,,0
190,S5,S5,S5,S5,S5,S5,S4,S5,S5,S4,S5,S5,S5,S5,S5,S5,S5,S5,S5,S5,S5,S4,S3,S0,S2,0.926,93100,,,No falla,,,,0
191,S5,S5,S5,S5,S5,S5,S4,S5,S5,S5,S5,S5,S5,S5,S5,S4,S5,S5,S5,S5,S5,S5,S5,S0,S2,0.958,93100,,,No falla,,,,0
192,S5,S5,S5,S5,S5,S5,S4,S5,S5,S5,S5,S5,S5,S5,S5,S4,S5,S5,S5,S5,S5,S5,S5,S0,S2,0.958,93100,,,No falla,,,,0
,,,,,,,,,,,,,,,,,,,,,,,,,,,,,,,,,,
,,,,,,,,,,,,,,,,,,,,,,,,,,,,,,,,,,
,,,,,,,,,,,,,,,,,,,,,,,,,,,,,,,,,,
,,,,,,,,,,,,,,,,,,,,,,,,,,,,,,,,,,
,,,,,,,,,,,,,,,,,,,,,,,,,,,,,,,,,,
,,,,,,,,,,,,,,,,,,,,,,,,,,,,,,,,,,
